Vteam,Hteam
New York Knicks,Cleveland Cavaliers
San Antonio Spurs,Golden State Warriors
Utah Jazz,Portland Trail Blazers
Brooklyn Nets,Boston Celtics
Dallas Mavericks,Indiana Pacers
Houston Rockets,Los Angeles Lakers
Minnesota Timberwolves,Memphis Grizzlies
Charlotte Hornets,Milwaukee Bucks
Denver Nuggets,New Orleans Pelicans
Miami Heat,Orlando Magic
Oklahoma City Thunder,Philadelphia 76ers
Sacramento Kings,Phoenix Suns
Detroit Pistons,Toronto Raptors
Washington Wizards,Atlanta Hawks
Boston Celtics,Chicago Bulls
Los Angeles Clippers,Portland Trail Blazers
San Antonio Spurs,Sacramento Kings
Indiana Pacers,Brooklyn Nets
Houston Rockets,Dallas Mavericks
Orlando Magic,Detroit Pistons
Charlotte Hornets,Miami Heat
Golden State Warriors,New Orleans Pelicans
Phoenix Suns,Oklahoma City Thunder
Cleveland Cavaliers,Toronto Raptors
Los Angeles Lakers,Utah Jazz
Indiana Pacers,Chicago Bulls
Boston Celtics,Charlotte Hornets
Orlando Magic,Cleveland Cavaliers
Portland Trail Blazers,Denver Nuggets
Brooklyn Nets,Milwaukee Bucks
Memphis Grizzlies,New York Knicks
Atlanta Hawks,Philadelphia 76ers
Minnesota Timberwolves,Sacramento Kings
New Orleans Pelicans,San Antonio Spurs
Milwaukee Bucks,Detroit Pistons
Dallas Mavericks,Houston Rockets
Utah Jazz,Los Angeles Clippers
Washington Wizards,Memphis Grizzlies
San Antonio Spurs,Miami Heat
Los Angeles Lakers,Oklahoma City Thunder
Golden State Warriors,Phoenix Suns
Sacramento Kings,Atlanta Hawks
Chicago Bulls,Brooklyn Nets
Phoenix Suns,Los Angeles Clippers
Denver Nuggets,Toronto Raptors
Houston Rockets,Cleveland Cavaliers
New York Knicks,Detroit Pistons
Los Angeles Lakers,Indiana Pacers
Sacramento Kings,Miami Heat
Memphis Grizzlies,Minnesota Timberwolves
Milwaukee Bucks,New Orleans Pelicans
Orlando Magic,Philadelphia 76ers
Golden State Warriors,Portland Trail Blazers
Utah Jazz,San Antonio Spurs
Los Angeles Lakers,Atlanta Hawks
Chicago Bulls,Boston Celtics
Detroit Pistons,Brooklyn Nets
Philadelphia 76ers,Charlotte Hornets
Oklahoma City Thunder,Los Angeles Clippers
New Orleans Pelicans,Memphis Grizzlies
Houston Rockets,New York Knicks
Portland Trail Blazers,Phoenix Suns
Dallas Mavericks,Utah Jazz
Toronto Raptors,Washington Wizards
Boston Celtics,Cleveland Cavaliers
Oklahoma City Thunder,Golden State Warriors
Indiana Pacers,Milwaukee Bucks
Denver Nuggets,Minnesota Timberwolves
Sacramento Kings,Orlando Magic
Charlotte Hornets,Brooklyn Nets
New York Knicks,Chicago Bulls
Portland Trail Blazers,Dallas Mavericks
Golden State Warriors,Los Angeles Lakers
Los Angeles Clippers,Memphis Grizzlies
Phoenix Suns,New Orleans Pelicans
Miami Heat,Toronto Raptors
San Antonio Spurs,Utah Jazz
Atlanta Hawks,Washington Wizards
Houston Rockets,Atlanta Hawks
Denver Nuggets,Detroit Pistons
Chicago Bulls,Indiana Pacers
Sacramento Kings,Milwaukee Bucks
Minnesota Timberwolves,Oklahoma City Thunder
Washington Wizards,Orlando Magic
Cleveland Cavaliers,Philadelphia 76ers
Los Angeles Clippers,San Antonio Spurs
Denver Nuggets,Boston Celtics
Milwaukee Bucks,Dallas Mavericks
Phoenix Suns,Los Angeles Lakers
Portland Trail Blazers,Memphis Grizzlies
Utah Jazz,New York Knicks
Sacramento Kings,Toronto Raptors
Orlando Magic,Chicago Bulls
Indiana Pacers,Charlotte Hornets
New Orleans Pelicans,Golden State Warriors
Detroit Pistons,Los Angeles Clippers
Miami Heat,Oklahoma City Thunder
Utah Jazz,Philadelphia 76ers
Houston Rockets,Washington Wizards
Minnesota Timberwolves,Brooklyn Nets
Atlanta Hawks,Cleveland Cavaliers
Dallas Mavericks,Los Angeles Lakers
Denver Nuggets,Memphis Grizzlies
Phoenix Suns,Portland Trail Blazers
New Orleans Pelicans,Sacramento Kings
Chicago Bulls,Atlanta Hawks
Utah Jazz,Charlotte Hornets
Dallas Mavericks,Golden State Warriors
Philadelphia 76ers,Indiana Pacers
Portland Trail Blazers,Los Angeles Clippers
Brooklyn Nets,New York Knicks
Toronto Raptors,Oklahoma City Thunder
Minnesota Timberwolves,Orlando Magic
Detroit Pistons,Phoenix Suns
Houston Rockets,San Antonio Spurs
Boston Celtics,Washington Wizards
Golden State Warriors,Denver Nuggets
Chicago Bulls,Miami Heat
New Orleans Pelicans,Milwaukee Bucks
Los Angeles Lakers,Sacramento Kings
New York Knicks,Boston Celtics
Toronto Raptors,Charlotte Hornets
Los Angeles Clippers,Oklahoma City Thunder
Utah Jazz,Orlando Magic
Indiana Pacers,Philadelphia 76ers
Sacramento Kings,Portland Trail Blazers
Detroit Pistons,San Antonio Spurs
Cleveland Cavaliers,Washington Wizards
Philadelphia 76ers,Atlanta Hawks
Washington Wizards,Chicago Bulls
Detroit Pistons,Denver Nuggets
San Antonio Spurs,Houston Rockets
Boston Celtics,Indiana Pacers
Utah Jazz,Miami Heat
Memphis Grizzlies,Milwaukee Bucks
Los Angeles Clippers,Minnesota Timberwolves
Los Angeles Lakers,New Orleans Pelicans
Brooklyn Nets,Phoenix Suns
New York Knicks,Toronto Raptors
Charlotte Hornets,Cleveland Cavaliers
Phoenix Suns,Golden State Warriors
Los Angeles Lakers,Minnesota Timberwolves
Orlando Magic,Oklahoma City Thunder
Denver Nuggets,Portland Trail Blazers
Oklahoma City Thunder,Detroit Pistons
Philadelphia 76ers,Houston Rockets
Orlando Magic,Indiana Pacers
Brooklyn Nets,Los Angeles Clippers
Boston Celtics,New Orleans Pelicans
Dallas Mavericks,New York Knicks
Miami Heat,San Antonio Spurs
Memphis Grizzlies,Utah Jazz
Toronto Raptors,Cleveland Cavaliers
Brooklyn Nets,Los Angeles Lakers
Atlanta Hawks,Miami Heat
Charlotte Hornets,Minnesota Timberwolves
Chicago Bulls,Portland Trail Blazers
Milwaukee Bucks,Atlanta Hawks
Dallas Mavericks,Boston Celtics
Phoenix Suns,Denver Nuggets
Cleveland Cavaliers,Indiana Pacers
Memphis Grizzlies,Los Angeles Clippers
Detroit Pistons,New York Knicks
Houston Rockets,Oklahoma City Thunder
New Orleans Pelicans,Orlando Magic
Washington Wizards,Philadelphia 76ers
San Antonio Spurs,Sacramento Kings
Golden State Warriors,Toronto Raptors
Portland Trail Blazers,Houston Rockets
Milwaukee Bucks,Miami Heat
Philadelphia 76ers,Minnesota Timberwolves
Chicago Bulls,Utah Jazz
New York Knicks,Washington Wizards
Golden State Warriors,Boston Celtics
Atlanta Hawks,Charlotte Hornets
Detroit Pistons,Cleveland Cavaliers
Memphis Grizzlies,Dallas Mavericks
Toronto Raptors,Denver Nuggets
Phoenix Suns,Indiana Pacers
San Antonio Spurs,Los Angeles Lakers
Portland Trail Blazers,New Orleans Pelicans
Brooklyn Nets,Oklahoma City Thunder
Los Angeles Clippers,Sacramento Kings
Boston Celtics,Detroit Pistons
Utah Jazz,Houston Rockets
Chicago Bulls,Los Angeles Clippers
Minnesota Timberwolves,Memphis Grizzlies
Golden State Warriors,Milwaukee Bucks
Charlotte Hornets,New Orleans Pelicans
Dallas Mavericks,Orlando Magic
Phoenix Suns,Philadelphia 76ers
Miami Heat,Washington Wizards
Portland Trail Blazers,Brooklyn Nets
Utah Jazz,Denver Nuggets
Chicago Bulls,Los Angeles Lakers
Atlanta Hawks,New York Knicks
Indiana Pacers,Oklahoma City Thunder
Toronto Raptors,Sacramento Kings
Memphis Grizzlies,Charlotte Hornets
Houston Rockets,Detroit Pistons
Golden State Warriors,Indiana Pacers
Toronto Raptors,Los Angeles Clippers
Orlando Magic,Milwaukee Bucks
Boston Celtics,Minnesota Timberwolves
Miami Heat,Philadelphia 76ers
Dallas Mavericks,San Antonio Spurs
Phoenix Suns,Washington Wizards
New Orleans Pelicans,Atlanta Hawks
Chicago Bulls,Denver Nuggets
Oklahoma City Thunder,Los Angeles Lakers
Portland Trail Blazers,New York Knicks
Boston Celtics,Brooklyn Nets
San Antonio Spurs,Charlotte Hornets
Portland Trail Blazers,Cleveland Cavaliers
Los Angeles Clippers,Dallas Mavericks
Miami Heat,Detroit Pistons
Los Angeles Lakers,Golden State Warriors
Toronto Raptors,Houston Rockets
Atlanta Hawks,Indiana Pacers
Minnesota Timberwolves,New Orleans Pelicans
Phoenix Suns,Orlando Magic
Memphis Grizzlies,Philadelphia 76ers
Oklahoma City Thunder,Sacramento Kings
Denver Nuggets,Utah Jazz
San Antonio Spurs,Boston Celtics
Dallas Mavericks,Cleveland Cavaliers
Oklahoma City Thunder,Denver Nuggets
Los Angeles Clippers,Detroit Pistons
Brooklyn Nets,Indiana Pacers
Golden State Warriors,Los Angeles Lakers
Miami Heat,Memphis Grizzlies
Toronto Raptors,Milwaukee Bucks
Charlotte Hornets,New York Knicks
Washington Wizards,Orlando Magic
Chicago Bulls,Philadelphia 76ers
Minnesota Timberwolves,Phoenix Suns
New Orleans Pelicans,Portland Trail Blazers
Houston Rockets,Sacramento Kings
Atlanta Hawks,Utah Jazz
New York Knicks,Charlotte Hornets
Minnesota Timberwolves,Golden State Warriors
Memphis Grizzlies,Miami Heat
Detroit Pistons,Oklahoma City Thunder
San Antonio Spurs,Washington Wizards
Sacramento Kings,Brooklyn Nets
New Orleans Pelicans,Dallas Mavericks
Los Angeles Clippers,Indiana Pacers
Atlanta Hawks,Los Angeles Lakers
Milwaukee Bucks,Orlando Magic
Cleveland Cavaliers,Philadelphia 76ers
Denver Nuggets,Phoenix Suns
Houston Rockets,Portland Trail Blazers
Atlanta Hawks,Golden State Warriors
Charlotte Hornets,Memphis Grizzlies
Boston Celtics,Miami Heat
Utah Jazz,Minnesota Timberwolves
Oklahoma City Thunder,New York Knicks
Philadelphia 76ers,Toronto Raptors
Sacramento Kings,Washington Wizards
Los Angeles Clippers,Brooklyn Nets
Detroit Pistons,Charlotte Hornets
Cleveland Cavaliers,Milwaukee Bucks
Los Angeles Lakers,New Orleans Pelicans
Orlando Magic,San Antonio Spurs
Houston Rockets,Utah Jazz
Detroit Pistons,Boston Celtics
Los Angeles Lakers,Chicago Bulls
San Antonio Spurs,Dallas Mavericks
Miami Heat,Denver Nuggets
New York Knicks,Minnesota Timberwolves
Washington Wizards,Oklahoma City Thunder
Atlanta Hawks,Phoenix Suns
Indiana Pacers,Portland Trail Blazers
Memphis Grizzlies,Toronto Raptors
Milwaukee Bucks,Brooklyn Nets
Dallas Mavericks,Charlotte Hornets
Los Angeles Clippers,Cleveland Cavaliers
Houston Rockets,Golden State Warriors
Orlando Magic,Memphis Grizzlies
Miami Heat,Utah Jazz
Detroit Pistons,Atlanta Hawks
Sacramento Kings,Boston Celtics
Cleveland Cavaliers,Chicago Bulls
Houston Rockets,Denver Nuggets
Los Angeles Clippers,New Orleans Pelicans
Minnesota Timberwolves,New York Knicks
Orlando Magic,Philadelphia 76ers
Washington Wizards,San Antonio Spurs
Los Angeles Lakers,Toronto Raptors
Minnesota Timberwolves,Charlotte Hornets
Chicago Bulls,Dallas Mavericks
Phoenix Suns,Golden State Warriors
Los Angeles Lakers,Memphis Grizzlies
Brooklyn Nets,Milwaukee Bucks
Boston Celtics,Philadelphia 76ers
Miami Heat,Portland Trail Blazers
Atlanta Hawks,Toronto Raptors
Denver Nuggets,Utah Jazz
Orlando Magic,Detroit Pistons
Indiana Pacers,Los Angeles Clippers
Sacramento Kings,New York Knicks
New Orleans Pelicans,Oklahoma City Thunder
Oklahoma City Thunder,Atlanta Hawks
Washington Wizards,Brooklyn Nets
Portland Trail Blazers,Chicago Bulls
Charlotte Hornets,Dallas Mavericks
Indiana Pacers,Golden State Warriors
Boston Celtics,Houston Rockets
Utah Jazz,Los Angeles Lakers
San Antonio Spurs,Milwaukee Bucks
Memphis Grizzlies,New Orleans Pelicans
Denver Nuggets,Philadelphia 76ers
Cleveland Cavaliers,Toronto Raptors
Chicago Bulls,Detroit Pistons
Philadelphia 76ers,Memphis Grizzlies
New York Knicks,Miami Heat
San Antonio Spurs,Minnesota Timberwolves
Phoenix Suns,Utah Jazz
Orlando Magic,Washington Wizards
Miami Heat,Atlanta Hawks
Denver Nuggets,Brooklyn Nets
Detroit Pistons,Charlotte Hornets
Sacramento Kings,Dallas Mavericks
Los Angeles Lakers,Houston Rockets
Golden State Warriors,Los Angeles Clippers
Portland Trail Blazers,Milwaukee Bucks
Cleveland Cavaliers,New York Knicks
Boston Celtics,Orlando Magic
Indiana Pacers,Phoenix Suns
San Antonio Spurs,Chicago Bulls
Portland Trail Blazers,Memphis Grizzlies
Philadelphia 76ers,New Orleans Pelicans
Minnesota Timberwolves,Toronto Raptors
Golden State Warriors,Utah Jazz
Denver Nuggets,Washington Wizards
Toronto Raptors,Boston Celtics
Orlando Magic,Charlotte Hornets
Miami Heat,Cleveland Cavaliers
Indiana Pacers,Dallas Mavericks
Phoenix Suns,Los Angeles Lakers
Atlanta Hawks,Milwaukee Bucks
Detroit Pistons,Minnesota Timberwolves
Houston Rockets,Oklahoma City Thunder
New York Knicks,Sacramento Kings
Miami Heat,Chicago Bulls
Charlotte Hornets,Cleveland Cavaliers
Dallas Mavericks,Houston Rockets
Portland Trail Blazers,Indiana Pacers
New Orleans Pelicans,Los Angeles Clippers
Golden State Warriors,Memphis Grizzlies
Denver Nuggets,Orlando Magic
Brooklyn Nets,San Antonio Spurs
Sacramento Kings,Utah Jazz
Milwaukee Bucks,Washington Wizards
Philadelphia 76ers,Detroit Pistons
New York Knicks,Los Angeles Lakers
Golden State Warriors,Minnesota Timberwolves
Boston Celtics,Oklahoma City Thunder
New Orleans Pelicans,Phoenix Suns
Denver Nuggets,Dallas Mavericks
Brooklyn Nets,Houston Rockets
Charlotte Hornets,Indiana Pacers
Portland Trail Blazers,Los Angeles Clippers
Washington Wizards,Miami Heat
Los Angeles Lakers,Sacramento Kings
Milwaukee Bucks,Toronto Raptors
Orlando Magic,Atlanta Hawks
Minnesota Timberwolves,Chicago Bulls
Memphis Grizzlies,Cleveland Cavaliers
Golden State Warriors,New Orleans Pelicans
New York Knicks,Phoenix Suns
Oklahoma City Thunder,Portland Trail Blazers
Los Angeles Lakers,Brooklyn Nets
Detroit Pistons,Dallas Mavericks
Sacramento Kings,Houston Rockets
Cleveland Cavaliers,Memphis Grizzlies
Indiana Pacers,Miami Heat
Los Angeles Clippers,Orlando Magic
Toronto Raptors,Philadelphia 76ers
Boston Celtics,San Antonio Spurs
Oklahoma City Thunder,Utah Jazz
Charlotte Hornets,Washington Wizards
Portland Trail Blazers,Denver Nuggets
New York Knicks,Golden State Warriors
Chicago Bulls,Milwaukee Bucks
Indiana Pacers,New Orleans Pelicans
San Antonio Spurs,Phoenix Suns
Charlotte Hornets,Boston Celtics
Milwaukee Bucks,Chicago Bulls
New Orleans Pelicans,Houston Rockets
Sacramento Kings,Memphis Grizzlies
Los Angeles Clippers,Miami Heat
Brooklyn Nets,Orlando Magic
Los Angeles Lakers,Philadelphia 76ers
Atlanta Hawks,Toronto Raptors
Dallas Mavericks,Utah Jazz
Detroit Pistons,Washington Wizards
Charlotte Hornets,Atlanta Hawks
Los Angeles Lakers,Cleveland Cavaliers
New York Knicks,Denver Nuggets
Indiana Pacers,Detroit Pistons
Portland Trail Blazers,Golden State Warriors
Houston Rockets,Minnesota Timberwolves
Phoenix Suns,Oklahoma City Thunder
Sacramento Kings,Dallas Mavericks
Utah Jazz,Memphis Grizzlies
Boston Celtics,Miami Heat
Toronto Raptors,Orlando Magic
Brooklyn Nets,Philadelphia 76ers
New Orleans Pelicans,San Antonio Spurs
Los Angeles Clippers,Washington Wizards
Detroit Pistons,Chicago Bulls
Dallas Mavericks,Denver Nuggets
Washington Wizards,Indiana Pacers
Phoenix Suns,Minnesota Timberwolves
Atlanta Hawks,Oklahoma City Thunder
Los Angeles Lakers,Charlotte Hornets
Utah Jazz,Golden State Warriors
San Antonio Spurs,Houston Rockets
Denver Nuggets,Los Angeles Clippers
Boston Celtics,Memphis Grizzlies
Orlando Magic,Miami Heat
Cleveland Cavaliers,Milwaukee Bucks
Indiana Pacers,New York Knicks
New Orleans Pelicans,Philadelphia 76ers
Portland Trail Blazers,Sacramento Kings
Brooklyn Nets,Toronto Raptors
Minnesota Timberwolves,Atlanta Hawks
Washington Wizards,Chicago Bulls
Milwaukee Bucks,Cleveland Cavaliers
Memphis Grizzlies,Detroit Pistons
Oklahoma City Thunder,New Orleans Pelicans
Houston Rockets,Phoenix Suns
Dallas Mavericks,Portland Trail Blazers
Sacramento Kings,Utah Jazz
Golden State Warriors,Brooklyn Nets
Boston Celtics,Indiana Pacers
San Antonio Spurs,Los Angeles Clippers
Los Angeles Lakers,Miami Heat
Orlando Magic,New York Knicks
Oklahoma City Thunder,Boston Celtics
Chicago Bulls,Charlotte Hornets
Brooklyn Nets,Cleveland Cavaliers
Atlanta Hawks,Denver Nuggets
Golden State Warriors,Detroit Pistons
Dallas Mavericks,Los Angeles Clippers
Houston Rockets,Memphis Grizzlies
Washington Wizards,Milwaukee Bucks
Sacramento Kings,Minnesota Timberwolves
Miami Heat,New Orleans Pelicans
Los Angeles Lakers,Orlando Magic
Philadelphia 76ers,Phoenix Suns
San Antonio Spurs,Portland Trail Blazers
Toronto Raptors,Utah Jazz
Golden State Warriors,Cleveland Cavaliers
Los Angeles Clippers,Los Angeles Lakers
Boston Celtics,New York Knicks
Minnesota Timberwolves,Oklahoma City Thunder
Chicago Bulls,San Antonio Spurs
Charlotte Hornets,Brooklyn Nets
Indiana Pacers,Chicago Bulls
Cleveland Cavaliers,Detroit Pistons
Phoenix Suns,Houston Rockets
Denver Nuggets,Los Angeles Clippers
Atlanta Hawks,Minnesota Timberwolves
Dallas Mavericks,New Orleans Pelicans
Memphis Grizzlies,Orlando Magic
Toronto Raptors,Portland Trail Blazers
Philadelphia 76ers,Sacramento Kings
Milwaukee Bucks,Washington Wizards
Memphis Grizzlies,Boston Celtics
Houston Rockets,Dallas Mavericks
Utah Jazz,Los Angeles Lakers
Oklahoma City Thunder,Miami Heat
New York Knicks,Atlanta Hawks
Brooklyn Nets,Chicago Bulls
Minnesota Timberwolves,Denver Nuggets
Milwaukee Bucks,Detroit Pistons
Toronto Raptors,Golden State Warriors
Los Angeles Clippers,New Orleans Pelicans
Charlotte Hornets,Orlando Magic
Sacramento Kings,Portland Trail Blazers
Phoenix Suns,San Antonio Spurs
Indiana Pacers,Washington Wizards
Miami Heat,Charlotte Hornets
Boston Celtics,Cleveland Cavaliers
Dallas Mavericks,Los Angeles Lakers
Oklahoma City Thunder,Memphis Grizzlies
Toronto Raptors,Phoenix Suns
Philadelphia 76ers,Utah Jazz
Detroit Pistons,Atlanta Hawks
Miami Heat,Boston Celtics
Philadelphia 76ers,Denver Nuggets
Dallas Mavericks,Golden State Warriors
Los Angeles Clippers,Houston Rockets
Chicago Bulls,Indiana Pacers
Milwaukee Bucks,Minnesota Timberwolves
New York Knicks,New Orleans Pelicans
Portland Trail Blazers,San Antonio Spurs
Brooklyn Nets,Washington Wizards
Milwaukee Bucks,Chicago Bulls
Cleveland Cavaliers,Charlotte Hornets
New York Knicks,Houston Rockets
Los Angeles Clippers,Oklahoma City Thunder
Memphis Grizzlies,Sacramento Kings
Phoenix Suns,Utah Jazz
San Antonio Spurs,Atlanta Hawks
Orlando Magic,Indiana Pacers
Toronto Raptors,Los Angeles Lakers
Detroit Pistons,Miami Heat
Portland Trail Blazers,Minnesota Timberwolves
Utah Jazz,Brooklyn Nets
Charlotte Hornets,Chicago Bulls
New Orleans Pelicans,Cleveland Cavaliers
Denver Nuggets,Golden State Warriors
Washington Wizards,Houston Rockets
Phoenix Suns,Los Angeles Clippers
Oklahoma City Thunder,Milwaukee Bucks
Orlando Magic,New York Knicks
Utah Jazz,Boston Celtics
Washington Wizards,Dallas Mavericks
Sacramento Kings,Denver Nuggets
Indiana Pacers,Detroit Pistons
Memphis Grizzlies,Los Angeles Lakers
Minnesota Timberwolves,Philadelphia 76ers
Miami Heat,Phoenix Suns
Toronto Raptors,San Antonio Spurs
Oklahoma City Thunder,Charlotte Hornets
Chicago Bulls,Cleveland Cavaliers
Portland Trail Blazers,Golden State Warriors
Memphis Grizzlies,Los Angeles Clippers
Milwaukee Bucks,New York Knicks
Atlanta Hawks,Orlando Magic
Miami Heat,Sacramento Kings
Phoenix Suns,Dallas Mavericks
San Antonio Spurs,Denver Nuggets
Charlotte Hornets,Detroit Pistons
Oklahoma City Thunder,Houston Rockets
Brooklyn Nets,Indiana Pacers
Atlanta Hawks,New Orleans Pelicans
Los Angeles Lakers,Portland Trail Blazers
Utah Jazz,Toronto Raptors
Philadelphia 76ers,Boston Celtics
Cleveland Cavaliers,Brooklyn Nets
Memphis Grizzlies,Golden State Warriors
Miami Heat,Los Angeles Lakers
New York Knicks,Milwaukee Bucks
Houston Rockets,Orlando Magic
Los Angeles Clippers,Sacramento Kings
Minnesota Timberwolves,Washington Wizards
New Orleans Pelicans,Boston Celtics
Toronto Raptors,Chicago Bulls
Atlanta Hawks,Dallas Mavericks
New York Knicks,Indiana Pacers
Utah Jazz,Minnesota Timberwolves
Denver Nuggets,Oklahoma City Thunder
Charlotte Hornets,San Antonio Spurs
Philadelphia 76ers,Brooklyn Nets
Miami Heat,Los Angeles Clippers
Orlando Magic,Los Angeles Lakers
Utah Jazz,Memphis Grizzlies
Washington Wizards,Milwaukee Bucks
Cleveland Cavaliers,Phoenix Suns
Detroit Pistons,Portland Trail Blazers
Golden State Warriors,Sacramento Kings
Houston Rockets,Toronto Raptors
Oklahoma City Thunder,Chicago Bulls
Dallas Mavericks,Minnesota Timberwolves
New Orleans Pelicans,New York Knicks
Atlanta Hawks,Brooklyn Nets
Miami Heat,Golden State Warriors
Charlotte Hornets,Houston Rockets
Portland Trail Blazers,Los Angeles Lakers
Detroit Pistons,Sacramento Kings
Milwaukee Bucks,San Antonio Spurs
Boston Celtics,Toronto Raptors
Cleveland Cavaliers,Utah Jazz
Chicago Bulls,Washington Wizards
Washington Wizards,Boston Celtics
Orlando Magic,Los Angeles Clippers
Houston Rockets,Minnesota Timberwolves
Memphis Grizzlies,Oklahoma City Thunder
New York Knicks,Philadelphia 76ers
Cleveland Cavaliers,Portland Trail Blazers
New Orleans Pelicans,Brooklyn Nets
Indiana Pacers,Denver Nuggets
Detroit Pistons,Golden State Warriors
Chicago Bulls,New York Knicks
Dallas Mavericks,Phoenix Suns
Los Angeles Lakers,San Antonio Spurs
Boston Celtics,Atlanta Hawks
Memphis Grizzlies,Houston Rockets
Miami Heat,Milwaukee Bucks
Oklahoma City Thunder,Minnesota Timberwolves
Charlotte Hornets,Philadelphia 76ers
Orlando Magic,Portland Trail Blazers
Cleveland Cavaliers,Sacramento Kings
Brooklyn Nets,Toronto Raptors
Detroit Pistons,Utah Jazz
New Orleans Pelicans,Chicago Bulls
Los Angeles Lakers,Los Angeles Clippers
San Antonio Spurs,Phoenix Suns
Orlando Magic,Utah Jazz
Philadelphia 76ers,Washington Wizards
Milwaukee Bucks,Atlanta Hawks
Houston Rockets,Brooklyn Nets
Minnesota Timberwolves,Dallas Mavericks
Detroit Pistons,Los Angeles Lakers
Chicago Bulls,Memphis Grizzlies
Oklahoma City Thunder,Sacramento Kings
New York Knicks,Toronto Raptors
Charlotte Hornets,Boston Celtics
Orlando Magic,Denver Nuggets
Cleveland Cavaliers,Golden State Warriors
New Orleans Pelicans,Indiana Pacers
Oklahoma City Thunder,Los Angeles Clippers
Philadelphia 76ers,Milwaukee Bucks
Atlanta Hawks,New York Knicks
Utah Jazz,Phoenix Suns
Portland Trail Blazers,Washington Wizards
Toronto Raptors,Brooklyn Nets
Dallas Mavericks,Chicago Bulls
Denver Nuggets,Los Angeles Lakers
Houston Rockets,Miami Heat
Minnesota Timberwolves,San Antonio Spurs
New York Knicks,Boston Celtics
Portland Trail Blazers,Charlotte Hornets
Atlanta Hawks,Detroit Pistons
Oklahoma City Thunder,Golden State Warriors
Milwaukee Bucks,Houston Rockets
Orlando Magic,New Orleans Pelicans
Toronto Raptors,Philadelphia 76ers
Indiana Pacers,Sacramento Kings
Memphis Grizzlies,Washington Wizards
Phoenix Suns,Cleveland Cavaliers
Minnesota Timberwolves,Los Angeles Clippers
Dallas Mavericks,Miami Heat
Washington Wizards,New York Knicks
Denver Nuggets,San Antonio Spurs
Chicago Bulls,Atlanta Hawks
Toronto Raptors,Charlotte Hornets
Utah Jazz,Dallas Mavericks
Golden State Warriors,Houston Rockets
Indiana Pacers,Los Angeles Lakers
Sacramento Kings,Memphis Grizzlies
Brooklyn Nets,New Orleans Pelicans
Milwaukee Bucks,Orlando Magic
Portland Trail Blazers,Philadelphia 76ers
Philadelphia 76ers,Atlanta Hawks
Portland Trail Blazers,Boston Celtics
Sacramento Kings,Chicago Bulls
Brooklyn Nets,Charlotte Hornets
San Antonio Spurs,Cleveland Cavaliers
Los Angeles Clippers,Denver Nuggets
Washington Wizards,Detroit Pistons
Houston Rockets,Memphis Grizzlies
Milwaukee Bucks,Miami Heat
Phoenix Suns,New York Knicks
Indiana Pacers,Utah Jazz
Los Angeles Lakers,Dallas Mavericks
Denver Nuggets,Minnesota Timberwolves
Golden State Warriors,Orlando Magic
Phoenix Suns,Toronto Raptors
Los Angeles Clippers,Atlanta Hawks
San Antonio Spurs,Brooklyn Nets
Washington Wizards,Charlotte Hornets
Sacramento Kings,Detroit Pistons
New York Knicks,Indiana Pacers
Golden State Warriors,Miami Heat
Houston Rockets,Milwaukee Bucks
Cleveland Cavaliers,New Orleans Pelicans
Oklahoma City Thunder,Utah Jazz
Utah Jazz,Denver Nuggets
Chicago Bulls,Orlando Magic
Los Angeles Clippers,Philadelphia 76ers
Minnesota Timberwolves,Phoenix Suns
San Antonio Spurs,Toronto Raptors
Boston Celtics,Washington Wizards
Houston Rockets,Boston Celtics
Miami Heat,Brooklyn Nets
Atlanta Hawks,Chicago Bulls
Golden State Warriors,Charlotte Hornets
Sacramento Kings,Cleveland Cavaliers
New York Knicks,Dallas Mavericks
Toronto Raptors,Memphis Grizzlies
Philadelphia 76ers,Milwaukee Bucks
Oklahoma City Thunder,New Orleans Pelicans
Los Angeles Lakers,Portland Trail Blazers
Phoenix Suns,Denver Nuggets
Indiana Pacers,Minnesota Timberwolves
Dallas Mavericks,Oklahoma City Thunder
Los Angeles Lakers,Utah Jazz
Washington Wizards,Atlanta Hawks
Orlando Magic,Boston Celtics
Miami Heat,Chicago Bulls
Brooklyn Nets,Cleveland Cavaliers
Sacramento Kings,Indiana Pacers
San Antonio Spurs,New Orleans Pelicans
Charlotte Hornets,New York Knicks
Houston Rockets,Philadelphia 76ers
Memphis Grizzlies,Portland Trail Blazers
Milwaukee Bucks,Toronto Raptors
Sacramento Kings,Charlotte Hornets
Los Angeles Clippers,Golden State Warriors
Detroit Pistons,Miami Heat
Boston Celtics,Milwaukee Bucks
Brooklyn Nets,Minnesota Timberwolves
Denver Nuggets,Phoenix Suns
Memphis Grizzlies,Utah Jazz
New York Knicks,Atlanta Hawks
Philadelphia 76ers,Chicago Bulls
Oklahoma City Thunder,Cleveland Cavaliers
Houston Rockets,Indiana Pacers
Washington Wizards,New Orleans Pelicans
Golden State Warriors,Portland Trail Blazers
Dallas Mavericks,San Antonio Spurs
Orlando Magic,Toronto Raptors
Detroit Pistons,Boston Celtics
Cleveland Cavaliers,Dallas Mavericks
Brooklyn Nets,Miami Heat
Orlando Magic,Minnesota Timberwolves
Sacramento Kings,Philadelphia 76ers
Memphis Grizzlies,Phoenix Suns
Sacramento Kings,Houston Rockets
Denver Nuggets,Los Angeles Lakers
Charlotte Hornets,Portland Trail Blazers
Oklahoma City Thunder,San Antonio Spurs
New Orleans Pelicans,Toronto Raptors
New York Knicks,Washington Wizards
Toronto Raptors,Boston Celtics
New York Knicks,Brooklyn Nets
Minnesota Timberwolves,Cleveland Cavaliers
Philadelphia 76ers,Dallas Mavericks
Memphis Grizzlies,Denver Nuggets
New Orleans Pelicans,Detroit Pistons
Charlotte Hornets,Golden State Warriors
Atlanta Hawks,Miami Heat
Chicago Bulls,Oklahoma City Thunder
Indiana Pacers,Orlando Magic
Los Angeles Clippers,Phoenix Suns
Milwaukee Bucks,Utah Jazz
Atlanta Hawks,Houston Rockets
Golden State Warriors,Los Angeles Clippers
Philadelphia 76ers,San Antonio Spurs
Los Angeles Lakers,Washington Wizards
Los Angeles Lakers,Boston Celtics
Indiana Pacers,Brooklyn Nets
Milwaukee Bucks,Denver Nuggets
Minnesota Timberwolves,Detroit Pistons
Chicago Bulls,Houston Rockets
Memphis Grizzlies,Oklahoma City Thunder
Toronto Raptors,Orlando Magic
Dallas Mavericks,Portland Trail Blazers
Phoenix Suns,Sacramento Kings
Orlando Magic,Atlanta Hawks
Detroit Pistons,Indiana Pacers
Philadelphia 76ers,Miami Heat
Memphis Grizzlies,Minnesota Timberwolves
Cleveland Cavaliers,New York Knicks
Milwaukee Bucks,Phoenix Suns
Golden State Warriors,Sacramento Kings
Denver Nuggets,San Antonio Spurs
Charlotte Hornets,Utah Jazz
New Orleans Pelicans,Washington Wizards
Los Angeles Clippers,Boston Celtics
Toronto Raptors,Brooklyn Nets
Portland Trail Blazers,Oklahoma City Thunder
Utah Jazz,Atlanta Hawks
Dallas Mavericks,Denver Nuggets
Philadelphia 76ers,Detroit Pistons
Oklahoma City Thunder,Indiana Pacers
San Antonio Spurs,Memphis Grizzlies
Miami Heat,Minnesota Timberwolves
Phoenix Suns,New Orleans Pelicans
Los Angeles Lakers,New York Knicks
Chicago Bulls,Sacramento Kings
Los Angeles Clippers,Toronto Raptors
Cleveland Cavaliers,Washington Wizards
Brooklyn Nets,Charlotte Hornets
Portland Trail Blazers,Dallas Mavericks
Orlando Magic,Houston Rockets
Denver Nuggets,Atlanta Hawks
Washington Wizards,Brooklyn Nets
Los Angeles Lakers,Detroit Pistons
Chicago Bulls,Golden State Warriors
Cleveland Cavaliers,Indiana Pacers
Phoenix Suns,Memphis Grizzlies
Miami Heat,Milwaukee Bucks
Toronto Raptors,Minnesota Timberwolves
Utah Jazz,New Orleans Pelicans
Los Angeles Clippers,New York Knicks
San Antonio Spurs,Philadelphia 76ers
Boston Celtics,Sacramento Kings
Houston Rockets,Charlotte Hornets
Utah Jazz,Dallas Mavericks
Cleveland Cavaliers,Oklahoma City Thunder
Philadelphia 76ers,Orlando Magic
Boston Celtics,Portland Trail Blazers
Miami Heat,Brooklyn Nets
San Antonio Spurs,Detroit Pistons
Golden State Warriors,Memphis Grizzlies
Los Angeles Lakers,Milwaukee Bucks
New Orleans Pelicans,Minnesota Timberwolves
Denver Nuggets,New York Knicks
Chicago Bulls,Phoenix Suns
Atlanta Hawks,Sacramento Kings
Indiana Pacers,Washington Wizards
Los Angeles Clippers,Charlotte Hornets
Denver Nuggets,Cleveland Cavaliers
Orlando Magic,Dallas Mavericks
Phoenix Suns,Houston Rockets
Milwaukee Bucks,Indiana Pacers
Golden State Warriors,Oklahoma City Thunder
Miami Heat,Philadelphia 76ers
Boston Celtics,Utah Jazz
Chicago Bulls,Minnesota Timberwolves
San Antonio Spurs,New York Knicks
New Orleans Pelicans,Sacramento Kings
Detroit Pistons,Toronto Raptors
Memphis Grizzlies,Brooklyn Nets
Philadelphia 76ers,Charlotte Hornets
Boston Celtics,Dallas Mavericks
Golden State Warriors,Denver Nuggets
San Antonio Spurs,Indiana Pacers
Orlando Magic,Miami Heat
Detroit Pistons,Milwaukee Bucks
New Orleans Pelicans,Phoenix Suns
Atlanta Hawks,Portland Trail Blazers
Los Angeles Clippers,Utah Jazz
Oklahoma City Thunder,Washington Wizards
Toronto Raptors,Chicago Bulls
Sacramento Kings,Los Angeles Lakers
Cleveland Cavaliers,Minnesota Timberwolves
Philadelphia 76ers,Boston Celtics
Milwaukee Bucks,Brooklyn Nets
Indiana Pacers,Cleveland Cavaliers
Minnesota Timberwolves,Denver Nuggets
Dallas Mavericks,Detroit Pistons
Sacramento Kings,Golden State Warriors
Miami Heat,Houston Rockets
Atlanta Hawks,Los Angeles Clippers
New Orleans Pelicans,Memphis Grizzlies
New York Knicks,Oklahoma City Thunder
San Antonio Spurs,Orlando Magic
Los Angeles Lakers,Phoenix Suns
Charlotte Hornets,Toronto Raptors
Portland Trail Blazers,Utah Jazz
Boston Celtics,Chicago Bulls
Washington Wizards,Indiana Pacers
New York Knicks,Cleveland Cavaliers
Charlotte Hornets,Detroit Pistons
Los Angeles Clippers,Golden State Warriors
Houston Rockets,New Orleans Pelicans
Portland Trail Blazers,Orlando Magic
Denver Nuggets,Sacramento Kings
Miami Heat,Atlanta Hawks
Phoenix Suns,Chicago Bulls
Brooklyn Nets,Denver Nuggets
Memphis Grizzlies,Indiana Pacers
San Antonio Spurs,Los Angeles Clippers
Utah Jazz,Milwaukee Bucks
Dallas Mavericks,Minnesota Timberwolves
Los Angeles Lakers,Oklahoma City Thunder
Washington Wizards,Philadelphia 76ers
Boston Celtics,Toronto Raptors
Chicago Bulls,Cleveland Cavaliers
New Orleans Pelicans,Dallas Mavericks
Brooklyn Nets,Golden State Warriors
Minnesota Timberwolves,Houston Rockets
Indiana Pacers,Miami Heat
Philadelphia 76ers,New York Knicks
Atlanta Hawks,Orlando Magic
Charlotte Hornets,Sacramento Kings
Memphis Grizzlies,Denver Nuggets
Boston Celtics,Detroit Pistons
Charlotte Hornets,Los Angeles Clippers
San Antonio Spurs,Los Angeles Lakers
Phoenix Suns,Milwaukee Bucks
New Orleans Pelicans,Oklahoma City Thunder
Portland Trail Blazers,Toronto Raptors
Utah Jazz,Washington Wizards
Atlanta Hawks,Boston Celtics
Milwaukee Bucks,Cleveland Cavaliers
Miami Heat,Dallas Mavericks
Indiana Pacers,Houston Rockets
Toronto Raptors,New York Knicks
Golden State Warriors,Philadelphia 76ers
Minnesota Timberwolves,Sacramento Kings
Denver Nuggets,Chicago Bulls
Portland Trail Blazers,Detroit Pistons
Charlotte Hornets,Los Angeles Lakers
Phoenix Suns,Memphis Grizzlies
Utah Jazz,Oklahoma City Thunder
Golden State Warriors,Washington Wizards
Dallas Mavericks,Atlanta Hawks
Cleveland Cavaliers,Boston Celtics
Houston Rockets,Los Angeles Clippers
Philadelphia 76ers,Miami Heat
Denver Nuggets,Milwaukee Bucks
Detroit Pistons,New Orleans Pelicans
New York Knicks,Orlando Magic
Brooklyn Nets,Sacramento Kings
Indiana Pacers,San Antonio Spurs
Washington Wizards,Toronto Raptors
Minnesota Timberwolves,Utah Jazz
Golden State Warriors,Chicago Bulls
Charlotte Hornets,Phoenix Suns
Oklahoma City Thunder,Portland Trail Blazers
Cleveland Cavaliers,Atlanta Hawks
Memphis Grizzlies,Dallas Mavericks
Boston Celtics,Los Angeles Lakers
Los Angeles Clippers,Milwaukee Bucks
San Antonio Spurs,New Orleans Pelicans
Miami Heat,Orlando Magic
New York Knicks,Philadelphia 76ers
Oklahoma City Thunder,Phoenix Suns
Brooklyn Nets,Utah Jazz
Toronto Raptors,Washington Wizards
Los Angeles Clippers,Chicago Bulls
Charlotte Hornets,Denver Nuggets
Memphis Grizzlies,Houston Rockets
Cleveland Cavaliers,Miami Heat
Toronto Raptors,Milwaukee Bucks
Detroit Pistons,Philadelphia 76ers
Brooklyn Nets,Portland Trail Blazers
Minnesota Timberwolves,San Antonio Spurs
Indiana Pacers,Atlanta Hawks
Oklahoma City Thunder,Dallas Mavericks
New Orleans Pelicans,Los Angeles Lakers
Golden State Warriors,New York Knicks
Boston Celtics,Phoenix Suns
Utah Jazz,Sacramento Kings
Orlando Magic,Washington Wizards
Golden State Warriors,Atlanta Hawks
Indiana Pacers,Charlotte Hornets
Miami Heat,Cleveland Cavaliers
Sacramento Kings,Denver Nuggets
Chicago Bulls,Detroit Pistons
Boston Celtics,Los Angeles Clippers
Brooklyn Nets,Memphis Grizzlies
New York Knicks,Orlando Magic
Milwaukee Bucks,Philadelphia 76ers
Houston Rockets,San Antonio Spurs
New Orleans Pelicans,Utah Jazz
Los Angeles Lakers,Dallas Mavericks
Portland Trail Blazers,Oklahoma City Thunder
Washington Wizards,Phoenix Suns
Brooklyn Nets,Atlanta Hawks
Washington Wizards,Denver Nuggets
Boston Celtics,Golden State Warriors
Utah Jazz,Houston Rockets
Detroit Pistons,Indiana Pacers
Charlotte Hornets,Miami Heat
New York Knicks,Milwaukee Bucks
Los Angeles Clippers,Minnesota Timberwolves
Toronto Raptors,New Orleans Pelicans
Chicago Bulls,Orlando Magic
Sacramento Kings,San Antonio Spurs
Cleveland Cavaliers,Detroit Pistons
Los Angeles Clippers,Memphis Grizzlies
San Antonio Spurs,Oklahoma City Thunder
Los Angeles Lakers,Phoenix Suns
Philadelphia 76ers,Portland Trail Blazers
Toronto Raptors,Atlanta Hawks
Houston Rockets,Chicago Bulls
Orlando Magic,Charlotte Hornets
Brooklyn Nets,Dallas Mavericks
Boston Celtics,Denver Nuggets
Indiana Pacers,Milwaukee Bucks
Golden State Warriors,Minnesota Timberwolves
Washington Wizards,Sacramento Kings
New Orleans Pelicans,Charlotte Hornets
Phoenix Suns,Dallas Mavericks
New York Knicks,Detroit Pistons
Philadelphia 76ers,Los Angeles Clippers
Atlanta Hawks,Memphis Grizzlies
Toronto Raptors,Miami Heat
Minnesota Timberwolves,Milwaukee Bucks
Utah Jazz,Oklahoma City Thunder
Cleveland Cavaliers,Orlando Magic
Washington Wizards,Portland Trail Blazers
Denver Nuggets,Sacramento Kings
Golden State Warriors,San Antonio Spurs
Chicago Bulls,Boston Celtics
New York Knicks,Brooklyn Nets
Cleveland Cavaliers,Houston Rockets
Miami Heat,Indiana Pacers
Philadelphia 76ers,Los Angeles Lakers
Portland Trail Blazers,Phoenix Suns
Chicago Bulls,Charlotte Hornets
Los Angeles Lakers,Denver Nuggets
Milwaukee Bucks,Memphis Grizzlies
Washington Wizards,Minnesota Timberwolves
Orlando Magic,Sacramento Kings
Atlanta Hawks,San Antonio Spurs
Dallas Mavericks,Toronto Raptors
Los Angeles Clippers,Utah Jazz
Oklahoma City Thunder,Brooklyn Nets
Detroit Pistons,Cleveland Cavaliers
Philadelphia 76ers,Golden State Warriors
Portland Trail Blazers,New Orleans Pelicans
Indiana Pacers,New York Knicks
Minnesota Timberwolves,Boston Celtics
Memphis Grizzlies,Chicago Bulls
Utah Jazz,Detroit Pistons
Los Angeles Lakers,Houston Rockets
Charlotte Hornets,Indiana Pacers
Milwaukee Bucks,Los Angeles Clippers
New Orleans Pelicans,Miami Heat
Sacramento Kings,Phoenix Suns
Portland Trail Blazers,San Antonio Spurs
Dallas Mavericks,Washington Wizards
Memphis Grizzlies,Atlanta Hawks
Utah Jazz,Cleveland Cavaliers
Los Angeles Clippers,Denver Nuggets
Orlando Magic,Golden State Warriors
Brooklyn Nets,New York Knicks
Oklahoma City Thunder,Toronto Raptors
Boston Celtics,Brooklyn Nets
Toronto Raptors,Detroit Pistons
Milwaukee Bucks,Los Angeles Lakers
Minnesota Timberwolves,Miami Heat
Houston Rockets,New Orleans Pelicans
Dallas Mavericks,Philadelphia 76ers
Orlando Magic,Phoenix Suns
Chicago Bulls,Washington Wizards
Portland Trail Blazers,Atlanta Hawks
Utah Jazz,Chicago Bulls
Washington Wizards,Charlotte Hornets
Houston Rockets,Denver Nuggets
Milwaukee Bucks,Golden State Warriors
Cleveland Cavaliers,Los Angeles Clippers
San Antonio Spurs,Memphis Grizzlies
Sacramento Kings,Oklahoma City Thunder
Dallas Mavericks,Brooklyn Nets
Phoenix Suns,Detroit Pistons
Cleveland Cavaliers,Los Angeles Lakers
Portland Trail Blazers,Miami Heat
Minnesota Timberwolves,New Orleans Pelicans
Boston Celtics,Philadelphia 76ers
Sacramento Kings,San Antonio Spurs
Indiana Pacers,Toronto Raptors
Washington Wizards,Boston Celtics
Atlanta Hawks,Charlotte Hornets
Denver Nuggets,Houston Rockets
Utah Jazz,Indiana Pacers
New York Knicks,Los Angeles Clippers
Golden State Warriors,Oklahoma City Thunder
Philadelphia 76ers,Orlando Magic
Detroit Pistons,Brooklyn Nets
Golden State Warriors,Dallas Mavericks
Los Angeles Clippers,Los Angeles Lakers
Phoenix Suns,Miami Heat
San Antonio Spurs,Minnesota Timberwolves
Memphis Grizzlies,New Orleans Pelicans
Milwaukee Bucks,Portland Trail Blazers
Chicago Bulls,Toronto Raptors
Indiana Pacers,Boston Celtics
Detroit Pistons,Chicago Bulls
Cleveland Cavaliers,Denver Nuggets
Philadelphia 76ers,Oklahoma City Thunder
Charlotte Hornets,Orlando Magic
Milwaukee Bucks,Sacramento Kings
New York Knicks,Utah Jazz
Atlanta Hawks,Washington Wizards
Phoenix Suns,Brooklyn Nets
Los Angeles Clippers,Dallas Mavericks
Toronto Raptors,Miami Heat
New York Knicks,Portland Trail Blazers
Memphis Grizzlies,San Antonio Spurs
Phoenix Suns,Boston Celtics
Philadelphia 76ers,Chicago Bulls
Cleveland Cavaliers,Charlotte Hornets
Sacramento Kings,Golden State Warriors
New Orleans Pelicans,Houston Rockets
Denver Nuggets,Indiana Pacers
Minnesota Timberwolves,Los Angeles Lakers
Atlanta Hawks,Milwaukee Bucks
Detroit Pistons,Orlando Magic
Brooklyn Nets,Washington Wizards
Washington Wizards,Cleveland Cavaliers
Toronto Raptors,Dallas Mavericks
Utah Jazz,Los Angeles Clippers
Minnesota Timberwolves,Portland Trail Blazers
New York Knicks,San Antonio Spurs
Brooklyn Nets,Atlanta Hawks
Miami Heat,Boston Celtics
Phoenix Suns,Charlotte Hornets
New Orleans Pelicans,Denver Nuggets
Memphis Grizzlies,Golden State Warriors
Oklahoma City Thunder,Houston Rockets
Philadelphia 76ers,Indiana Pacers
Sacramento Kings,Los Angeles Clippers
Portland Trail Blazers,Los Angeles Lakers
Chicago Bulls,Milwaukee Bucks
Oklahoma City Thunder,Dallas Mavericks
Detroit Pistons,New York Knicks
Memphis Grizzlies,Sacramento Kings
Cleveland Cavaliers,San Antonio Spurs
Orlando Magic,Toronto Raptors
New Orleans Pelicans,Utah Jazz
Phoenix Suns,Atlanta Hawks
Philadelphia 76ers,Brooklyn Nets
Milwaukee Bucks,Charlotte Hornets
Miami Heat,Detroit Pistons
Golden State Warriors,Houston Rockets
Minnesota Timberwolves,Indiana Pacers
Washington Wizards,Los Angeles Lakers
Denver Nuggets,Portland Trail Blazers
Milwaukee Bucks,Boston Celtics
Washington Wizards,Los Angeles Clippers
Indiana Pacers,Memphis Grizzlies
Dallas Mavericks,New Orleans Pelicans
Miami Heat,New York Knicks
Oklahoma City Thunder,Orlando Magic
Atlanta Hawks,Philadelphia 76ers
Utah Jazz,Sacramento Kings
Golden State Warriors,San Antonio Spurs
Charlotte Hornets,Toronto Raptors
Cleveland Cavaliers,Chicago Bulls
Brooklyn Nets,Detroit Pistons
Los Angeles Lakers,Minnesota Timberwolves
Los Angeles Clippers,Phoenix Suns
Houston Rockets,Portland Trail Blazers
Orlando Magic,Boston Celtics
Denver Nuggets,Charlotte Hornets
Philadelphia 76ers,Cleveland Cavaliers
Houston Rockets,Golden State Warriors
Dallas Mavericks,Memphis Grizzlies
New York Knicks,Miami Heat
Detroit Pistons,Milwaukee Bucks
Sacramento Kings,New Orleans Pelicans
San Antonio Spurs,Oklahoma City Thunder
Indiana Pacers,Toronto Raptors
Washington Wizards,Utah Jazz
Orlando Magic,Brooklyn Nets
Atlanta Hawks,Chicago Bulls
Los Angeles Lakers,Los Angeles Clippers
Sacramento Kings,Minnesota Timberwolves
Phoenix Suns,Portland Trail Blazers
Atlanta Hawks,Brooklyn Nets
Indiana Pacers,Cleveland Cavaliers
Washington Wizards,Golden State Warriors
Memphis Grizzlies,Los Angeles Lakers
Denver Nuggets,Miami Heat
Dallas Mavericks,Milwaukee Bucks
Chicago Bulls,New Orleans Pelicans
Boston Celtics,New York Knicks
Charlotte Hornets,Oklahoma City Thunder
Houston Rockets,Phoenix Suns
Utah Jazz,San Antonio Spurs
Philadelphia 76ers,Toronto Raptors
Orlando Magic,Cleveland Cavaliers
Minnesota Timberwolves,Golden State Warriors
Toronto Raptors,Indiana Pacers
Denver Nuggets,New Orleans Pelicans
Chicago Bulls,New York Knicks
Milwaukee Bucks,Oklahoma City Thunder
Brooklyn Nets,Philadelphia 76ers
Dallas Mavericks,Sacramento Kings
Memphis Grizzlies,San Antonio Spurs
Portland Trail Blazers,Utah Jazz
Charlotte Hornets,Washington Wizards
Cleveland Cavaliers,Boston Celtics
Miami Heat,Charlotte Hornets
Toronto Raptors,Detroit Pistons
Denver Nuggets,Houston Rockets
Dallas Mavericks,Los Angeles Clippers
Oklahoma City Thunder,Memphis Grizzlies
Golden State Warriors,Phoenix Suns
Los Angeles Lakers,San Antonio Spurs
Boston Celtics,Atlanta Hawks
Milwaukee Bucks,Indiana Pacers
Washington Wizards,New York Knicks
Brooklyn Nets,Orlando Magic
Chicago Bulls,Philadelphia 76ers
Minnesota Timberwolves,Portland Trail Blazers
Atlanta Hawks,Cleveland Cavaliers
San Antonio Spurs,Dallas Mavericks
New Orleans Pelicans,Denver Nuggets
Detroit Pistons,Houston Rockets
Sacramento Kings,Los Angeles Lakers
New York Knicks,Memphis Grizzlies
Oklahoma City Thunder,Phoenix Suns
Miami Heat,Toronto Raptors
Minnesota Timberwolves,Utah Jazz
Chicago Bulls,Brooklyn Nets
Boston Celtics,Charlotte Hornets
New Orleans Pelicans,Golden State Warriors
Indiana Pacers,Orlando Magic
Milwaukee Bucks,Philadelphia 76ers
Utah Jazz,Portland Trail Blazers
Los Angeles Clippers,San Antonio Spurs
Miami Heat,Washington Wizards
Cleveland Cavaliers,Atlanta Hawks
Oklahoma City Thunder,Denver Nuggets
Minnesota Timberwolves,Los Angeles Lakers
Detroit Pistons,Memphis Grizzlies
Toronto Raptors,New York Knicks
Dallas Mavericks,Phoenix Suns
Houston Rockets,Sacramento Kings
Brooklyn Nets,Boston Celtics
Orlando Magic,Chicago Bulls
Washington Wizards,Detroit Pistons
Utah Jazz,Golden State Warriors
Houston Rockets,Los Angeles Clippers
Cleveland Cavaliers,Miami Heat
Charlotte Hornets,Milwaukee Bucks
Indiana Pacers,Philadelphia 76ers
San Antonio Spurs,Portland Trail Blazers
Charlotte Hornets,Atlanta Hawks
Denver Nuggets,Dallas Mavericks
New Orleans Pelicans,Los Angeles Lakers
Oklahoma City Thunder,Minnesota Timberwolves
Phoenix Suns,Sacramento Kings
Milwaukee Bucks,Boston Celtics
Brooklyn Nets,Chicago Bulls
Toronto Raptors,Cleveland Cavaliers
Los Angeles Lakers,Golden State Warriors
Minnesota Timberwolves,Houston Rockets
Atlanta Hawks,Indiana Pacers
Sacramento Kings,Los Angeles Clippers
Dallas Mavericks,Memphis Grizzlies
Washington Wizards,Miami Heat
Philadelphia 76ers,New York Knicks
Denver Nuggets,Oklahoma City Thunder
Detroit Pistons,Orlando Magic
New Orleans Pelicans,Portland Trail Blazers
San Antonio Spurs,Utah Jazz
