WTeam,LTeam,WLoc
Atlanta Hawks,New York Knicks,V
San Antonio Spurs,Brooklyn Nets,H
Memphis Grizzlies,Brooklyn Nets,H
Chicago Bulls,Brooklyn Nets,V
Detroit Pistons,Chicago Bulls,H
Miami Heat,Charlotte Hornets,H
Atlanta Hawks,Charlotte Hornets,H
Chicago Bulls,Cleveland Cavaliers,H
Cleveland Cavaliers,Memphis Grizzlies,V
Dallas Mavericks,Phoenix Suns,V
Los Angeles Clippers,Dallas Mavericks,H
Denver Nuggets,Houston Rockets,V
Detroit Pistons,Atlanta Hawks,V
Golden State Warriors,Houston Rockets,V
Golden State Warriors,New Orleans Pelicans,V
Toronto Raptors,Indiana Pacers,H
Los Angeles Clippers,Sacramento Kings,V
Sacramento Kings,Los Angeles Lakers,H
Memphis Grizzlies,Indiana Pacers,V
Cleveland Cavaliers,Miami Heat,H
Minnesota Timberwolves,Los Angeles Lakers,V
Minnesota Timberwolves,Denver Nuggets,V
Golden State Warriors,New Orleans Pelicans,H
Portland Trail Blazers,New Orleans Pelicans,H
New York Knicks,Milwaukee Bucks,V
New York Knicks,Washington Wizards,V
Oklahoma City Thunder,Orlando Magic,V
Boston Celtics,Philadelphia 76ers,H
Phoenix Suns,Portland Trail Blazers,V
Phoenix Suns,Portland Trail Blazers,H
Los Angeles Clippers,Sacramento Kings,H
Oklahoma City Thunder,San Antonio Spurs,H
Toronto Raptors,Boston Celtics,V
Detroit Pistons,Utah Jazz,H
Utah Jazz,Philadelphia 76ers,V
Utah Jazz,Indiana Pacers,V
Washington Wizards,Orlando Magic,V
Washington Wizards,Milwaukee Bucks,V
San Antonio Spurs,Boston Celtics,V
Chicago Bulls,Orlando Magic,H
Atlanta Hawks,Charlotte Hornets,V
Dallas Mavericks,Los Angeles Lakers,V
Miami Heat,Houston Rockets,H
Oklahoma City Thunder,Denver Nuggets,H
Toronto Raptors,Milwaukee Bucks,H
Milwaukee Bucks,Brooklyn Nets,V
Golden State Warriors,Memphis Grizzlies,H
Houston Rockets,Oklahoma City Thunder,H
Los Angeles Clippers,Phoenix Suns,H
Portland Trail Blazers,Minnesota Timberwolves,V
San Antonio Spurs,New York Knicks,V
Cleveland Cavaliers,Philadelphia 76ers,V
Charlotte Hornets,Chicago Bulls,H
Toronto Raptors,Dallas Mavericks,V
Indiana Pacers,Detroit Pistons,V
Denver Nuggets,Los Angeles Lakers,V
Atlanta Hawks,Miami Heat,V
Orlando Magic,New Orleans Pelicans,V
Memphis Grizzlies,Sacramento Kings,V
Atlanta Hawks,Brooklyn Nets,H
Cleveland Cavaliers,New York Knicks,H
Golden State Warriors,Los Angeles Clippers,H
Houston Rockets,Orlando Magic,H
Indiana Pacers,Boston Celtics,H
Milwaukee Bucks,Philadelphia 76ers,H
Toronto Raptors,Oklahoma City Thunder,V
Phoenix Suns,Sacramento Kings,H
Portland Trail Blazers,Utah Jazz,V
Washington Wizards,San Antonio Spurs,H
Chicago Bulls,Oklahoma City Thunder,H
Charlotte Hornets,Dallas Mavericks,V
Utah Jazz,Denver Nuggets,V
Miami Heat,Minnesota Timberwolves,V
Portland Trail Blazers,Memphis Grizzlies,H
Boston Celtics,Washington Wizards,H
Los Angeles Lakers,Brooklyn Nets,V
Cleveland Cavaliers,Philadelphia 76ers,H
Golden State Warriors,Denver Nuggets,H
Indiana Pacers,Miami Heat,H
Atlanta Hawks,New Orleans Pelicans,V
Milwaukee Bucks,New York Knicks,V
Orlando Magic,Toronto Raptors,H
Detroit Pistons,Phoenix Suns,V
Houston Rockets,Sacramento Kings,V
Atlanta Hawks,Washington Wizards,H
Minnesota Timberwolves,Chicago Bulls,V
Dallas Mavericks,New Orleans Pelicans,H
Houston Rockets,Los Angeles Clippers,V
Milwaukee Bucks,Brooklyn Nets,H
Orlando Magic,Philadelphia 76ers,V
Golden State Warriors,Sacramento Kings,V
San Antonio Spurs,Charlotte Hornets,H
Utah Jazz,Memphis Grizzlies,H
Cleveland Cavaliers,Indiana Pacers,H
Miami Heat,Toronto Raptors,H
New York Knicks,Los Angeles Lakers,H
Oklahoma City Thunder,Phoenix Suns,H
Detroit Pistons,Portland Trail Blazers,V
Minnesota Timberwolves,Atlanta Hawks,V
Denver Nuggets,Portland Trail Blazers,H
Golden State Warriors,Detroit Pistons,H
Indiana Pacers,Orlando Magic,H
Los Angeles Clippers,Memphis Grizzlies,H
Chicago Bulls,Philadelphia 76ers,V
San Antonio Spurs,Sacramento Kings,V
Cleveland Cavaliers,Utah Jazz,H
Miami Heat,Los Angeles Lakers,H
Boston Celtics,Milwaukee Bucks,V
Charlotte Hornets,Minnesota Timberwolves,V
New Orleans Pelicans,Dallas Mavericks,H
New York Knicks,Toronto Raptors,V
Oklahoma City Thunder,Washington Wizards,V
Atlanta Hawks,New Orleans Pelicans,H
Indiana Pacers,Boston Celtics,V
Charlotte Hornets,New York Knicks,H
Dallas Mavericks,Los Angeles Clippers,H
Denver Nuggets,Milwaukee Bucks,H
Brooklyn Nets,Houston Rockets,V
Golden State Warriors,Memphis Grizzlies,V
Orlando Magic,Los Angeles Lakers,H
Toronto Raptors,Philadelphia 76ers,V
San Antonio Spurs,Portland Trail Blazers,V
Sacramento Kings,Detroit Pistons,H
Miami Heat,Utah Jazz,H
Golden State Warriors,Minnesota Timberwolves,V
Phoenix Suns,Los Angeles Clippers,H
Boston Celtics,Atlanta Hawks,H
Chicago Bulls,Charlotte Hornets,H
Dallas Mavericks,Los Angeles Lakers,H
Denver Nuggets,Houston Rockets,H
Indiana Pacers,Minnesota Timberwolves,H
Memphis Grizzlies,Portland Trail Blazers,H
Cleveland Cavaliers,New York Knicks,V
Oklahoma City Thunder,Philadelphia 76ers,H
Orlando Magic,Utah Jazz,H
Sacramento Kings,Brooklyn Nets,H
Toronto Raptors,New Orleans Pelicans,H
Golden State Warriors,Brooklyn Nets,H
Dallas Mavericks,Houston Rockets,V
Los Angeles Clippers,Detroit Pistons,H
Milwaukee Bucks,Cleveland Cavaliers,H
Phoenix Suns,Denver Nuggets,H
San Antonio Spurs,Philadelphia 76ers,H
Washington Wizards,Orlando Magic,H
Utah Jazz,Atlanta Hawks,V
Charlotte Hornets,Portland Trail Blazers,H
Los Angeles Lakers,Detroit Pistons,H
Memphis Grizzlies,Minnesota Timberwolves,V
New York Knicks,New Orleans Pelicans,H
Boston Celtics,Oklahoma City Thunder,V
Sacramento Kings,Toronto Raptors,H
Chicago Bulls,Indiana Pacers,H
Boston Celtics,Houston Rockets,V
Memphis Grizzlies,Oklahoma City Thunder,H
Dallas Mavericks,Philadelphia 76ers,V
Phoenix Suns,Los Angeles Lakers,H
San Antonio Spurs,Portland Trail Blazers,H
Brooklyn Nets,Atlanta Hawks,H
Detroit Pistons,Cleveland Cavaliers,H
Golden State Warriors,Toronto Raptors,H
Minnesota Timberwolves,Miami Heat,V
Denver Nuggets,New Orleans Pelicans,V
New York Knicks,Charlotte Hornets,H
Washington Wizards,Milwaukee Bucks,H
Atlanta Hawks,Sacramento Kings,H
Dallas Mavericks,Boston Celtics,V
Charlotte Hornets,Brooklyn Nets,H
Houston Rockets,Portland Trail Blazers,H
Oklahoma City Thunder,New Orleans Pelicans,H
Orlando Magic,Minnesota Timberwolves,H
Indiana Pacers,Philadelphia 76ers,V
Chicago Bulls,Phoenix Suns,V
San Antonio Spurs,Denver Nuggets,H
Utah Jazz,Toronto Raptors,H
Cleveland Cavaliers,Milwaukee Bucks,H
Golden State Warriors,Los Angeles Clippers,V
Miami Heat,Sacramento Kings,H
Boston Celtics,Brooklyn Nets,H
Charlotte Hornets,Philadelphia 76ers,H
Dallas Mavericks,Utah Jazz,H
Phoenix Suns,Denver Nuggets,V
Golden State Warriors,Chicago Bulls,H
Toronto Raptors,Los Angeles Lakers,V
Memphis Grizzlies,Houston Rockets,H
Detroit Pistons,Minnesota Timberwolves,V
New Orleans Pelicans,San Antonio Spurs,H
New York Knicks,Oklahoma City Thunder,V
Portland Trail Blazers,Los Angeles Clippers,H
Cleveland Cavaliers,Atlanta Hawks,H
Washington Wizards,Detroit Pistons,V
New York Knicks,Houston Rockets,V
Indiana Pacers,Milwaukee Bucks,H
Miami Heat,Philadelphia 76ers,H
Sacramento Kings,Orlando Magic,V
San Antonio Spurs,Memphis Grizzlies,H
Brooklyn Nets,Boston Celtics,H
Golden State Warriors,Denver Nuggets,V
Toronto Raptors,Los Angeles Clippers,V
Portland Trail Blazers,Los Angeles Lakers,V
New Orleans Pelicans,Phoenix Suns,H
Oklahoma City Thunder,Dallas Mavericks,H
Charlotte Hornets,Sacramento Kings,H
Cleveland Cavaliers,Orlando Magic,H
Miami Heat,New York Knicks,H
Milwaukee Bucks,Detroit Pistons,H
Minnesota Timberwolves,Philadelphia 76ers,H
San Antonio Spurs,Phoenix Suns,H
Oklahoma City Thunder,Utah Jazz,V
Atlanta Hawks,Boston Celtics,H
Los Angeles Clippers,Denver Nuggets,V
Golden State Warriors,Los Angeles Lakers,H
Memphis Grizzlies,Dallas Mavericks,H
Chicago Bulls,Portland Trail Blazers,V
Indiana Pacers,Washington Wizards,V
Boston Celtics,Philadelphia 76ers,H
Charlotte Hornets,Washington Wizards,H
Detroit Pistons,Miami Heat,H
Memphis Grizzlies,Houston Rockets,V
Utah Jazz,Los Angeles Clippers,V
Sacramento Kings,Milwaukee Bucks,V
Minnesota Timberwolves,Atlanta Hawks,H
Oklahoma City Thunder,Brooklyn Nets,H
Orlando Magic,New York Knicks,H
New Orleans Pelicans,Phoenix Suns,V
San Antonio Spurs,Dallas Mavericks,H
Toronto Raptors,Cleveland Cavaliers,H
Boston Celtics,Washington Wizards,H
Cleveland Cavaliers,Charlotte Hornets,V
San Antonio Spurs,Denver Nuggets,V
Houston Rockets,Philadelphia 76ers,H
Indiana Pacers,Chicago Bulls,H
Los Angeles Clippers,New Orleans Pelicans,H
Atlanta Hawks,Memphis Grizzlies,V
Miami Heat,New York Knicks,V
Oklahoma City Thunder,Detroit Pistons,H
Orlando Magic,Milwaukee Bucks,H
Golden State Warriors,Phoenix Suns,V
Minnesota Timberwolves,Sacramento Kings,V
Cleveland Cavaliers,Brooklyn Nets,H
Dallas Mavericks,Denver Nuggets,H
Golden State Warriors,Sacramento Kings,H
Portland Trail Blazers,Los Angeles Lakers,H
San Antonio Spurs,Atlanta Hawks,H
Utah Jazz,New Orleans Pelicans,H
Toronto Raptors,Washington Wizards,V
Brooklyn Nets,Detroit Pistons,H
Charlotte Hornets,Milwaukee Bucks,H
Los Angeles Clippers,Minnesota Timberwolves,H
Indiana Pacers,Los Angeles Lakers,V
Memphis Grizzlies,Philadelphia 76ers,H
Houston Rockets,New York Knicks,V
Orlando Magic,Boston Celtics,H
Phoenix Suns,Toronto Raptors,V
Atlanta Hawks,Oklahoma City Thunder,H
Chicago Bulls,San Antonio Spurs,H
Detroit Pistons,Houston Rockets,H
Los Angeles Clippers,Portland Trail Blazers,H
Boston Celtics,Miami Heat,V
Milwaukee Bucks,Denver Nuggets,H
Sacramento Kings,Dallas Mavericks,H
Golden State Warriors,Utah Jazz,V
Brooklyn Nets,Phoenix Suns,H
Washington Wizards,Cleveland Cavaliers,V
Orlando Magic,Minnesota Timberwolves,V
Memphis Grizzlies,New Orleans Pelicans,V
Philadelphia 76ers,Los Angeles Lakers,H
Dallas Mavericks,Portland Trail Blazers,V
Toronto Raptors,Atlanta Hawks,V
Chicago Bulls,Denver Nuggets,H
Golden State Warriors,Charlotte Hornets,V
Detroit Pistons,Phoenix Suns,H
Houston Rockets,New Orleans Pelicans,H
Indiana Pacers,Los Angeles Clippers,V
New York Knicks,Philadelphia 76ers,H
San Antonio Spurs,Milwaukee Bucks,H
Los Angeles Lakers,Washington Wizards,V
San Antonio Spurs,Memphis Grizzlies,V
Miami Heat,Oklahoma City Thunder,H
Portland Trail Blazers,Indiana Pacers,H
Boston Celtics,Sacramento Kings,V
Denver Nuggets,Toronto Raptors,V
Orlando Magic,Utah Jazz,V
Atlanta Hawks,Los Angeles Lakers,H
Houston Rockets,Dallas Mavericks,V
Detroit Pistons,Milwaukee Bucks,H
New Orleans Pelicans,Cleveland Cavaliers,H
New York Knicks,Brooklyn Nets,H
Washington Wizards,Phoenix Suns,H
Charlotte Hornets,Chicago Bulls,V
Houston Rockets,Sacramento Kings,H
Los Angeles Clippers,Orlando Magic,H
Miami Heat,Cleveland Cavaliers,H
Milwaukee Bucks,New York Knicks,H
Portland Trail Blazers,Minnesota Timberwolves,V
Denver Nuggets,Philadelphia 76ers,V
San Antonio Spurs,Boston Celtics,H
Golden State Warriors,Toronto Raptors,V
Utah Jazz,Indiana Pacers,H
Golden State Warriors,Brooklyn Nets,V
Detroit Pistons,Los Angeles Lakers,H
Memphis Grizzlies,Phoenix Suns,H
Oklahoma City Thunder,Sacramento Kings,H
Dallas Mavericks,Washington Wizards,V
Phoenix Suns,Chicago Bulls,V
Charlotte Hornets,Detroit Pistons,H
Washington Wizards,Miami Heat,V
Milwaukee Bucks,Portland Trail Blazers,H
Los Angeles Clippers,Minnesota Timberwolves,V
Boston Celtics,New Orleans Pelicans,V
Dallas Mavericks,New York Knicks,V
San Antonio Spurs,Philadelphia 76ers,V
Toronto Raptors,Los Angeles Lakers,H
Brooklyn Nets,Houston Rockets,H
Cleveland Cavaliers,Portland Trail Blazers,H
Orlando Magic,Denver Nuggets,V
Golden State Warriors,Indiana Pacers,V
Oklahoma City Thunder,Memphis Grizzlies,V
Sacramento Kings,Utah Jazz,H
Boston Celtics,Chicago Bulls,H
Charlotte Hornets,Miami Heat,H
Atlanta Hawks,Dallas Mavericks,V
Memphis Grizzlies,Detroit Pistons,V
Los Angeles Clippers,Milwaukee Bucks,V
Minnesota Timberwolves,Los Angeles Lakers,H
Phoenix Suns,Orlando Magic,H
Toronto Raptors,San Antonio Spurs,H
Utah Jazz,New York Knicks,H
Houston Rockets,Washington Wizards,V
Brooklyn Nets,Philadelphia 76ers,H
Chicago Bulls,Los Angeles Clippers,H
Oklahoma City Thunder,Atlanta Hawks,H
Sacramento Kings,New York Knicks,H
Golden State Warriors,Boston Celtics,V
Denver Nuggets,Minnesota Timberwolves,H
Indiana Pacers,Miami Heat,H
Charlotte Hornets,Memphis Grizzlies,V
New Orleans Pelicans,Washington Wizards,H
Cleveland Cavaliers,Orlando Magic,V
Detroit Pistons,Philadelphia 76ers,V
Portland Trail Blazers,Phoenix Suns,V
San Antonio Spurs,Los Angeles Lakers,H
Toronto Raptors,Milwaukee Bucks,H
Oklahoma City Thunder,Utah Jazz,V
San Antonio Spurs,Atlanta Hawks,V
Los Angeles Clippers,Brooklyn Nets,V
Chicago Bulls,New Orleans Pelicans,H
Boston Celtics,Charlotte Hornets,V
Washington Wizards,Dallas Mavericks,V
Detroit Pistons,Indiana Pacers,H
Houston Rockets,Los Angeles Lakers,H
Milwaukee Bucks,Golden State Warriors,H
New York Knicks,Portland Trail Blazers,V
Miami Heat,Memphis Grizzlies,H
Oklahoma City Thunder,Utah Jazz,H
Phoenix Suns,Minnesota Timberwolves,H
Toronto Raptors,Philadelphia 76ers,H
Miami Heat,Atlanta Hawks,V
Orlando Magic,Brooklyn Nets,V
Chicago Bulls,Philadelphia 76ers,H
Dallas Mavericks,Phoenix Suns,H
Denver Nuggets,Houston Rockets,H
Los Angeles Clippers,Detroit Pistons,V
Indiana Pacers,Toronto Raptors,H
Memphis Grizzlies,Washington Wizards,H
Portland Trail Blazers,New Orleans Pelicans,H
San Antonio Spurs,Utah Jazz,H
Cleveland Cavaliers,Boston Celtics,V
Los Angeles Lakers,Milwaukee Bucks,H
Denver Nuggets,Minnesota Timberwolves,V
Sacramento Kings,Houston Rockets,H
Atlanta Hawks,Philadelphia 76ers,H
Miami Heat,Brooklyn Nets,V
Chicago Bulls,Memphis Grizzlies,H
Detroit Pistons,Boston Celtics,H
Golden State Warriors,Phoenix Suns,H
Indiana Pacers,Dallas Mavericks,H
Los Angeles Clippers,Milwaukee Bucks,H
New York Knicks,Minnesota Timberwolves,H
Oklahoma City Thunder,Portland Trail Blazers,H
Orlando Magic,Charlotte Hornets,H
San Antonio Spurs,Washington Wizards,H
New Orleans Pelicans,Utah Jazz,V
Charlotte Hornets,Toronto Raptors,H
Cleveland Cavaliers,Oklahoma City Thunder,H
Houston Rockets,Los Angeles Lakers,V
Atlanta Hawks,Boston Celtics,V
Detroit Pistons,Chicago Bulls,V
Dallas Mavericks,Memphis Grizzlies,H
Golden State Warriors,Milwaukee Bucks,H
Indiana Pacers,Brooklyn Nets,H
Toronto Raptors,Miami Heat,V
Minnesota Timberwolves,Sacramento Kings,H
Orlando Magic,Portland Trail Blazers,H
New York Knicks,Philadelphia 76ers,V
Phoenix Suns,New Orleans Pelicans,H
San Antonio Spurs,Los Angeles Clippers,H
Utah Jazz,Denver Nuggets,H
Houston Rockets,Los Angeles Clippers,H
Memphis Grizzlies,Indiana Pacers,H
New York Knicks,Chicago Bulls,H
Oklahoma City Thunder,Los Angeles Lakers,H
Washington Wizards,Charlotte Hornets,H
Minnesota Timberwolves,Brooklyn Nets,V
Cleveland Cavaliers,Philadelphia 76ers,H
New Orleans Pelicans,Denver Nuggets,V
Miami Heat,Portland Trail Blazers,H
Atlanta Hawks,Orlando Magic,V
Milwaukee Bucks,Phoenix Suns,V
Sacramento Kings,Toronto Raptors,V
Atlanta Hawks,Portland Trail Blazers,H
Boston Celtics,Minnesota Timberwolves,H
Brooklyn Nets,Chicago Bulls,V
Houston Rockets,Charlotte Hornets,H
Oklahoma City Thunder,Los Angeles Clippers,V
Orlando Magic,New York Knicks,V
San Antonio Spurs,Indiana Pacers,H
Utah Jazz,Phoenix Suns,H
Washington Wizards,Sacramento Kings,H
Los Angeles Lakers,Denver Nuggets,V
Detroit Pistons,Miami Heat,V
Memphis Grizzlies,Philadelphia 76ers,V
Toronto Raptors,Dallas Mavericks,H
Atlanta Hawks,Detroit Pistons,H
Dallas Mavericks,Brooklyn Nets,V
Boston Celtics,Charlotte Hornets,V
Cleveland Cavaliers,New York Knicks,H
Golden State Warriors,Utah Jazz,H
Sacramento Kings,Indiana Pacers,V
Oklahoma City Thunder,Los Angeles Lakers,V
Milwaukee Bucks,Philadelphia 76ers,H
San Antonio Spurs,Minnesota Timberwolves,V
New Orleans Pelicans,Portland Trail Blazers,H
Orlando Magic,Houston Rockets,H
Denver Nuggets,Phoenix Suns,V
Washington Wizards,Memphis Grizzlies,H
Golden State Warriors,Cleveland Cavaliers,H
Houston Rockets,San Antonio Spurs,H
Los Angeles Clippers,Los Angeles Lakers,V
Miami Heat,New Orleans Pelicans,H
Chicago Bulls,Oklahoma City Thunder,V
Atlanta Hawks,New York Knicks,H
Washington Wizards,Brooklyn Nets,V
Charlotte Hornets,Memphis Grizzlies,H
Dallas Mavericks,Chicago Bulls,H
Boston Celtics,Detroit Pistons,V
Toronto Raptors,Milwaukee Bucks,V
Indiana Pacers,Minnesota Timberwolves,V
New Orleans Pelicans,Houston Rockets,H
Miami Heat,Orlando Magic,V
Philadelphia 76ers,Phoenix Suns,V
Portland Trail Blazers,Cleveland Cavaliers,H
San Antonio Spurs,Denver Nuggets,H
Los Angeles Clippers,Utah Jazz,V
Boston Celtics,New York Knicks,H
Memphis Grizzlies,Los Angeles Lakers,H
Oklahoma City Thunder,Denver Nuggets,H
Portland Trail Blazers,Sacramento Kings,V
Chicago Bulls,Toronto Raptors,H
Charlotte Hornets,Los Angeles Lakers,H
Dallas Mavericks,Milwaukee Bucks,H
Golden State Warriors,Sacramento Kings,H
Indiana Pacers,Atlanta Hawks,H
Brooklyn Nets,Miami Heat,V
Orlando Magic,New Orleans Pelicans,H
Cleveland Cavaliers,Phoenix Suns,V
San Antonio Spurs,Minnesota Timberwolves,H
Utah Jazz,Philadelphia 76ers,H
Los Angeles Clippers,Washington Wizards,V
Cleveland Cavaliers,Denver Nuggets,V
Atlanta Hawks,Houston Rockets,V
Memphis Grizzlies,Miami Heat,H
New York Knicks,Detroit Pistons,H
Oklahoma City Thunder,Milwaukee Bucks,H
Los Angeles Lakers,Boston Celtics,V
Chicago Bulls,Indiana Pacers,H
Los Angeles Clippers,Charlotte Hornets,V
Dallas Mavericks,Golden State Warriors,H
Minnesota Timberwolves,Utah Jazz,H
Orlando Magic,Brooklyn Nets,H
Portland Trail Blazers,Denver Nuggets,H
Philadelphia 76ers,Sacramento Kings,V
San Antonio Spurs,Phoenix Suns,H
Toronto Raptors,Washington Wizards,H
Detroit Pistons,Minnesota Timberwolves,H
Golden State Warriors,Houston Rockets,V
Milwaukee Bucks,Indiana Pacers,V
Los Angeles Clippers,New Orleans Pelicans,V
Oklahoma City Thunder,Phoenix Suns,H
Utah Jazz,Portland Trail Blazers,H
Chicago Bulls,New York Knicks,H
Los Angeles Lakers,Philadelphia 76ers,H
Miami Heat,Dallas Mavericks,H
Toronto Raptors,Charlotte Hornets,H
Washington Wizards,Orlando Magic,H
Brooklyn Nets,Boston Celtics,V
Oklahoma City Thunder,Charlotte Hornets,V
Cleveland Cavaliers,Orlando Magic,H
New Orleans Pelicans,Dallas Mavericks,V
Golden State Warriors,Denver Nuggets,H
Indiana Pacers,Detroit Pistons,H
Los Angeles Clippers,Philadelphia 76ers,H
Milwaukee Bucks,Minnesota Timberwolves,V
Sacramento Kings,Phoenix Suns,H
San Antonio Spurs,Houston Rockets,H
Utah Jazz,Memphis Grizzlies,H
Portland Trail Blazers,Denver Nuggets,V
Los Angeles Lakers,Phoenix Suns,H
New York Knicks,Atlanta Hawks,H
Chicago Bulls,Toronto Raptors,V
Miami Heat,Washington Wizards,V
Boston Celtics,Brooklyn Nets,V
Cleveland Cavaliers,Toronto Raptors,H
Detroit Pistons,Orlando Magic,H
Golden State Warriors,Charlotte Hornets,H
Miami Heat,Indiana Pacers,H
San Antonio Spurs,Milwaukee Bucks,V
Sacramento Kings,Oklahoma City Thunder,V
Philadelphia 76ers,Minnesota Timberwolves,H
Memphis Grizzlies,Portland Trail Blazers,V
Houston Rockets,Utah Jazz,V
New York Knicks,Atlanta Hawks,V
Chicago Bulls,Milwaukee Bucks,H
Dallas Mavericks,Sacramento Kings,H
Golden State Warriors,Los Angeles Lakers,V
Detroit Pistons,Boston Celtics,V
Toronto Raptors,Brooklyn Nets,V
New York Knicks,Miami Heat,V
Denver Nuggets,Minnesota Timberwolves,V
Dallas Mavericks,New Orleans Pelicans,V
Oklahoma City Thunder,Memphis Grizzlies,H
Indiana Pacers,Orlando Magic,V
Phoenix Suns,Charlotte Hornets,H
Los Angeles Clippers,Portland Trail Blazers,V
San Antonio Spurs,Utah Jazz,H
Cleveland Cavaliers,Washington Wizards,V
Chicago Bulls,Boston Celtics,H
Houston Rockets,Utah Jazz,H
Atlanta Hawks,Philadelphia 76ers,V
Sacramento Kings,Los Angeles Lakers,H
Orlando Magic,Brooklyn Nets,V
Oklahoma City Thunder,Los Angeles Lakers,V
Memphis Grizzlies,Denver Nuggets,H
Milwaukee Bucks,Dallas Mavericks,H
Cleveland Cavaliers,Minnesota Timberwolves,V
Indiana Pacers,New Orleans Pelicans,V
Miami Heat,Phoenix Suns,V
Golden State Warriors,Portland Trail Blazers,V
San Antonio Spurs,New York Knicks,H
Toronto Raptors,Washington Wizards,V
Atlanta Hawks,Chicago Bulls,H
Detroit Pistons,Brooklyn Nets,H
Los Angeles Clippers,Charlotte Hornets,H
Washington Wizards,Orlando Magic,V
Toronto Raptors,Philadelphia 76ers,V
Golden State Warriors,Sacramento Kings,V
Utah Jazz,Miami Heat,H
Denver Nuggets,Charlotte Hornets,H
Houston Rockets,Indiana Pacers,H
Los Angeles Clippers,New Orleans Pelicans,H
Utah Jazz,Los Angeles Lakers,V
Memphis Grizzlies,Boston Celtics,H
Dallas Mavericks,Minnesota Timberwolves,V
New York Knicks,Milwaukee Bucks,H
Cleveland Cavaliers,Philadelphia 76ers,V
Portland Trail Blazers,Oklahoma City Thunder,H
San Antonio Spurs,Brooklyn Nets,V
Washington Wizards,Chicago Bulls,V
Golden State Warriors,Miami Heat,H
Cleveland Cavaliers,Dallas Mavericks,V
San Antonio Spurs,Detroit Pistons,V
Indiana Pacers,Phoenix Suns,H
Los Angeles Lakers,New Orleans Pelicans,H
Houston Rockets,Memphis Grizzlies,V
Milwaukee Bucks,Chicago Bulls,H
Oklahoma City Thunder,Minnesota Timberwolves,V
New York Knicks,Boston Celtics,H
Boston Celtics,Indiana Pacers,H
Brooklyn Nets,New York Knicks,H
Charlotte Hornets,Atlanta Hawks,H
Denver Nuggets,Golden State Warriors,H
Houston Rockets,Minnesota Timberwolves,H
Los Angeles Clippers,Miami Heat,H
Oklahoma City Thunder,Dallas Mavericks,H
Portland Trail Blazers,Utah Jazz,H
New Orleans Pelicans,Sacramento Kings,V
Washington Wizards,Milwaukee Bucks,H
Golden State Warriors,Los Angeles Lakers,H
Memphis Grizzlies,Detroit Pistons,H
Toronto Raptors,Orlando Magic,V
Chicago Bulls,Philadelphia 76ers,V
San Antonio Spurs,Cleveland Cavaliers,H
Sacramento Kings,Utah Jazz,V
Boston Celtics,Phoenix Suns,H
Portland Trail Blazers,Brooklyn Nets,V
Dallas Mavericks,Chicago Bulls,V
Miami Heat,Denver Nuggets,V
Cleveland Cavaliers,Houston Rockets,V
Washington Wizards,Indiana Pacers,V
Milwaukee Bucks,Atlanta Hawks,H
New Orleans Pelicans,Charlotte Hornets,H
Oklahoma City Thunder,Minnesota Timberwolves,H
Atlanta Hawks,Brooklyn Nets,H
Milwaukee Bucks,Charlotte Hornets,V
Detroit Pistons,Golden State Warriors,H
Sacramento Kings,Los Angeles Clippers,V
Memphis Grizzlies,New York Knicks,H
Philadelphia 76ers,Portland Trail Blazers,H
Utah Jazz,Los Angeles Lakers,H
Boston Celtics,Washington Wizards,V
Denver Nuggets,Indiana Pacers,H
Houston Rockets,Los Angeles Lakers,V
Minnesota Timberwolves,Phoenix Suns,H
Oklahoma City Thunder,Miami Heat,H
San Antonio Spurs,Dallas Mavericks,H
Atlanta Hawks,Orlando Magic,H
Charlotte Hornets,Utah Jazz,H
Golden State Warriors,Cleveland Cavaliers,V
Dallas Mavericks,Boston Celtics,H
Chicago Bulls,Detroit Pistons,V
Los Angeles Clippers,Houston Rockets,H
Memphis Grizzlies,New Orleans Pelicans,H
New York Knicks,Philadelphia 76ers,H
Toronto Raptors,Brooklyn Nets,H
Portland Trail Blazers,Washington Wizards,V
Oklahoma City Thunder,Denver Nuggets,V
Milwaukee Bucks,Miami Heat,V
New Orleans Pelicans,Minnesota Timberwolves,H
Indiana Pacers,Phoenix Suns,V
Cleveland Cavaliers,Brooklyn Nets,V
Golden State Warriors,Chicago Bulls,V
Dallas Mavericks,Minnesota Timberwolves,H
Detroit Pistons,Houston Rockets,V
Sacramento Kings,Los Angeles Lakers,V
New York Knicks,Utah Jazz,H
Oklahoma City Thunder,Charlotte Hornets,H
Philadelphia 76ers,Orlando Magic,V
Atlanta Hawks,Portland Trail Blazers,V
Toronto Raptors,Boston Celtics,H
Washington Wizards,Miami Heat,H
Cleveland Cavaliers,Los Angeles Clippers,H
Memphis Grizzlies,Denver Nuggets,V
New Orleans Pelicans,Detroit Pistons,H
San Antonio Spurs,Phoenix Suns,V
Sacramento Kings,Atlanta Hawks,H
Boston Celtics,Chicago Bulls,H
Utah Jazz,Brooklyn Nets,V
Oklahoma City Thunder,Dallas Mavericks,V
Golden State Warriors,Indiana Pacers,H
Houston Rockets,Milwaukee Bucks,H
San Antonio Spurs,Los Angeles Lakers,V
Los Angeles Clippers,New York Knicks,V
Charlotte Hornets,Orlando Magic,V
Toronto Raptors,Miami Heat,H
Charlotte Hornets,New York Knicks,H
Chicago Bulls,Cleveland Cavaliers,V
Denver Nuggets,Detroit Pistons,H
Minnesota Timberwolves,Memphis Grizzlies,H
New Orleans Pelicans,Milwaukee Bucks,H
Phoenix Suns,Atlanta Hawks,H
Portland Trail Blazers,Los Angeles Lakers,H
Sacramento Kings,Indiana Pacers,H
Brooklyn Nets,Oklahoma City Thunder,H
Houston Rockets,Dallas Mavericks,H
Boston Celtics,Philadelphia 76ers,V
Toronto Raptors,Los Angeles Clippers,H
Miami Heat,Chicago Bulls,V
Cleveland Cavaliers,Minnesota Timberwolves,H
Atlanta Hawks,Denver Nuggets,V
Golden State Warriors,San Antonio Spurs,H
Memphis Grizzlies,Orlando Magic,H
Houston Rockets,New Orleans Pelicans,V
Charlotte Hornets,Sacramento Kings,V
Detroit Pistons,Utah Jazz,V
Boston Celtics,Washington Wizards,V
Miami Heat,Brooklyn Nets,V
Los Angeles Clippers,Indiana Pacers,V
Dallas Mavericks,Los Angeles Lakers,V
Milwaukee Bucks,Orlando Magic,H
Oklahoma City Thunder,New York Knicks,V
Philadelphia 76ers,Phoenix Suns,H
Portland Trail Blazers,Sacramento Kings,H
Toronto Raptors,Washington Wizards,H
Los Angeles Clippers,Atlanta Hawks,V
Boston Celtics,Denver Nuggets,H
Cleveland Cavaliers,Phoenix Suns,H
Detroit Pistons,Philadelphia 76ers,H
Golden State Warriors,Dallas Mavericks,H
Oklahoma City Thunder,Minnesota Timberwolves,V
San Antonio Spurs,Houston Rockets,H
Utah Jazz,Charlotte Hornets,H
Indiana Pacers,Atlanta Hawks,H
Chicago Bulls,Los Angeles Lakers,V
Memphis Grizzlies,Milwaukee Bucks,H
New Orleans Pelicans,Sacramento Kings,H
Toronto Raptors,New York Knicks,H
Denver Nuggets,Washington Wizards,V
Boston Celtics,Orlando Magic,H
Dallas Mavericks,Brooklyn Nets,H
Cleveland Cavaliers,Detroit Pistons,V
Los Angeles Clippers,Los Angeles Lakers,H
Miami Heat,Milwaukee Bucks,V
New York Knicks,Phoenix Suns,H
Oklahoma City Thunder,Houston Rockets,H
Portland Trail Blazers,Charlotte Hornets,H
Utah Jazz,Minnesota Timberwolves,H
Cleveland Cavaliers,San Antonio Spurs,H
Washington Wizards,Houston Rockets,V
Indiana Pacers,Denver Nuggets,H
Memphis Grizzlies,Sacramento Kings,H
New Orleans Pelicans,Brooklyn Nets,H
Golden State Warriors,Philadelphia 76ers,V
Toronto Raptors,Detroit Pistons,H
Dallas Mavericks,Phoenix Suns,H
Los Angeles Clippers,Chicago Bulls,H
Charlotte Hornets,Los Angeles Lakers,V
Miami Heat,Atlanta Hawks,H
Golden State Warriors,New York Knicks,V
Orlando Magic,Boston Celtics,H
Portland Trail Blazers,Minnesota Timberwolves,H
Atlanta Hawks,Dallas Mavericks,H
Detroit Pistons,Brooklyn Nets,V
Denver Nuggets,Toronto Raptors,H
Cleveland Cavaliers,Indiana Pacers,V
Memphis Grizzlies,New Orleans Pelicans,V
Oklahoma City Thunder,Washington Wizards,H
Sacramento Kings,Milwaukee Bucks,H
San Antonio Spurs,Orlando Magic,H
Utah Jazz,Chicago Bulls,H
Houston Rockets,Miami Heat,H
Los Angeles Lakers,Minnesota Timberwolves,H
Boston Celtics,New York Knicks,V
Toronto Raptors,Phoenix Suns,V
Portland Trail Blazers,Milwaukee Bucks,H
Boston Celtics,Detroit Pistons,H
Indiana Pacers,Brooklyn Nets,V
Charlotte Hornets,Cleveland Cavaliers,H
Miami Heat,Dallas Mavericks,V
Minnesota Timberwolves,Los Angeles Clippers,V
Oklahoma City Thunder,Orlando Magic,H
Atlanta Hawks,Philadelphia 76ers,V
Chicago Bulls,Sacramento Kings,V
San Antonio Spurs,New Orleans Pelicans,H
Utah Jazz,Denver Nuggets,H
Golden State Warriors,Washington Wizards,V
Detroit Pistons,New York Knicks,H
Los Angeles Lakers,New Orleans Pelicans,V
Houston Rockets,Phoenix Suns,V
Toronto Raptors,Portland Trail Blazers,V
Atlanta Hawks,Indiana Pacers,H
Brooklyn Nets,Sacramento Kings,H
Miami Heat,Charlotte Hornets,V
Boston Celtics,Cleveland Cavaliers,V
San Antonio Spurs,Dallas Mavericks,V
Denver Nuggets,Chicago Bulls,H
Memphis Grizzlies,New York Knicks,V
Los Angeles Clippers,Orlando Magic,V
Utah Jazz,Milwaukee Bucks,H
Washington Wizards,Philadelphia 76ers,H
Charlotte Hornets,Washington Wizards,H
Cleveland Cavaliers,New Orleans Pelicans,H
Golden State Warriors,Oklahoma City Thunder,H
Portland Trail Blazers,Houston Rockets,V
Indiana Pacers,Detroit Pistons,H
Dallas Mavericks,Memphis Grizzlies,V
Minnesota Timberwolves,Chicago Bulls,H
Philadelphia 76ers,Brooklyn Nets,H
Utah Jazz,Phoenix Suns,V
San Antonio Spurs,Los Angeles Lakers,H
Boston Celtics,Sacramento Kings,H
Los Angeles Clippers,Miami Heat,V
Denver Nuggets,New York Knicks,V
Orlando Magic,Atlanta Hawks,H
Orlando Magic,Atlanta Hawks,V
Brooklyn Nets,Denver Nuggets,H
Charlotte Hornets,Chicago Bulls,H
Cleveland Cavaliers,Sacramento Kings,H
Toronto Raptors,Detroit Pistons,V
Indiana Pacers,Los Angeles Lakers,H
Portland Trail Blazers,Memphis Grizzlies,V
New Orleans Pelicans,Minnesota Timberwolves,V
Los Angeles Clippers,Philadelphia 76ers,V
Oklahoma City Thunder,Phoenix Suns,V
Utah Jazz,Dallas Mavericks,V
Golden State Warriors,Houston Rockets,H
San Antonio Spurs,Miami Heat,V
Milwaukee Bucks,Boston Celtics,H
Washington Wizards,New York Knicks,V
Boston Celtics,Los Angeles Clippers,H
Memphis Grizzlies,Brooklyn Nets,V
Atlanta Hawks,Chicago Bulls,V
Cleveland Cavaliers,Los Angeles Lakers,H
Denver Nuggets,Detroit Pistons,V
Charlotte Hornets,Indiana Pacers,V
Minnesota Timberwolves,Toronto Raptors,H
New Orleans Pelicans,Utah Jazz,H
San Antonio Spurs,Orlando Magic,V
Sacramento Kings,Philadelphia 76ers,V
Golden State Warriors,Phoenix Suns,V
Portland Trail Blazers,Houston Rockets,H
Milwaukee Bucks,Washington Wizards,H
Oklahoma City Thunder,New Orleans Pelicans,H
Cleveland Cavaliers,Chicago Bulls,H
Los Angeles Clippers,San Antonio Spurs,H
Washington Wizards,Utah Jazz,H
Miami Heat,Atlanta Hawks,V
Brooklyn Nets,New York Knicks,H
Chicago Bulls,Toronto Raptors,H
San Antonio Spurs,Los Angeles Lakers,V
Memphis Grizzlies,Minnesota Timberwolves,H
Charlotte Hornets,Milwaukee Bucks,V
New Orleans Pelicans,Philadelphia 76ers,H
Indiana Pacers,Oklahoma City Thunder,V
Orlando Magic,Dallas Mavericks,H
Houston Rockets,Phoenix Suns,V
Portland Trail Blazers,Golden State Warriors,H
Sacramento Kings,Denver Nuggets,H
Utah Jazz,Boston Celtics,H
Washington Wizards,Detroit Pistons,H
Milwaukee Bucks,Atlanta Hawks,V
Golden State Warriors,Los Angeles Clippers,V
Miami Heat,Washington Wizards,H
New York Knicks,Minnesota Timberwolves,V
Charlotte Hornets,Brooklyn Nets,V
Chicago Bulls,Los Angeles Lakers,H
Dallas Mavericks,Philadelphia 76ers,H
Boston Celtics,Denver Nuggets,V
New Orleans Pelicans,Detroit Pistons,V
Cleveland Cavaliers,Oklahoma City Thunder,V
Indiana Pacers,Orlando Magic,V
San Antonio Spurs,Phoenix Suns,V
Portland Trail Blazers,Utah Jazz,H
Toronto Raptors,Memphis Grizzlies,H
Golden State Warriors,Atlanta Hawks,V
Detroit Pistons,Cleveland Cavaliers,V
Los Angeles Clippers,Phoenix Suns,H
Miami Heat,Indiana Pacers,H
Milwaukee Bucks,Los Angeles Lakers,H
Minnesota Timberwolves,Boston Celtics,H
Toronto Raptors,New York Knicks,V
Sacramento Kings,Denver Nuggets,V
Orlando Magic,Philadelphia 76ers,V
Portland Trail Blazers,Brooklyn Nets,H
Utah Jazz,Houston Rockets,H
Washington Wizards,New Orleans Pelicans,H
Chicago Bulls,Washington Wizards,H
Cleveland Cavaliers,Charlotte Hornets,H
Oklahoma City Thunder,Dallas Mavericks,V
Detroit Pistons,Philadelphia 76ers,H
Indiana Pacers,New York Knicks,H
Denver Nuggets,Los Angeles Clippers,V
Memphis Grizzlies,Los Angeles Lakers,H
Golden State Warriors,Miami Heat,V
San Antonio Spurs,Sacramento Kings,V
Toronto Raptors,Minnesota Timberwolves,H
Boston Celtics,Milwaukee Bucks,H
New Orleans Pelicans,Oklahoma City Thunder,H
Golden State Warriors,Orlando Magic,V
Brooklyn Nets,Phoenix Suns,V
Houston Rockets,Portland Trail Blazers,V
San Antonio Spurs,Utah Jazz,V
Atlanta Hawks,Chicago Bulls,H
Dallas Mavericks,Denver Nuggets,H
Charlotte Hornets,Indiana Pacers,V
Memphis Grizzlies,Los Angeles Lakers,V
New York Knicks,Orlando Magic,H
Washington Wizards,Philadelphia 76ers,V
Los Angeles Clippers,Sacramento Kings,V
Toronto Raptors,Cleveland Cavaliers,H
Boston Celtics,Miami Heat,H
Portland Trail Blazers,Chicago Bulls,V
San Antonio Spurs,Houston Rockets,V
Detroit Pistons,Milwaukee Bucks,V
Minnesota Timberwolves,New Orleans Pelicans,V
Golden State Warriors,Oklahoma City Thunder,V
Phoenix Suns,Memphis Grizzlies,H
Brooklyn Nets,Utah Jazz,V
Atlanta Hawks,Charlotte Hornets,H
Dallas Mavericks,Minnesota Timberwolves,H
Detroit Pistons,Toronto Raptors,H
Portland Trail Blazers,Indiana Pacers,V
Miami Heat,New York Knicks,V
Orlando Magic,Philadelphia 76ers,H
Washington Wizards,Cleveland Cavaliers,H
Boston Celtics,Utah Jazz,H
Cleveland Cavaliers,Indiana Pacers,H
Memphis Grizzlies,Denver Nuggets,V
Los Angeles Clippers,Brooklyn Nets,H
Milwaukee Bucks,Houston Rockets,H
Oklahoma City Thunder,Sacramento Kings,V
Washington Wizards,Philadelphia 76ers,H
Charlotte Hornets,Phoenix Suns,H
Dallas Mavericks,Orlando Magic,H
Golden State Warriors,Atlanta Hawks,H
Los Angeles Lakers,Brooklyn Nets,H
Miami Heat,Chicago Bulls,H
Portland Trail Blazers,New York Knicks,V
Boston Celtics,Portland Trail Blazers,H
Denver Nuggets,Los Angeles Lakers,H
Houston Rockets,New Orleans Pelicans,H
Los Angeles Clippers,Oklahoma City Thunder,H
Memphis Grizzlies,Sacramento Kings,H
Indiana Pacers,Milwaukee Bucks,V
Washington Wizards,Minnesota Timberwolves,V
Orlando Magic,Chicago Bulls,H
Charlotte Hornets,Philadelphia 76ers,V
San Antonio Spurs,Detroit Pistons,H
Toronto Raptors,Utah Jazz,H
Sacramento Kings,Dallas Mavericks,V
Golden State Warriors,Oklahoma City Thunder,H
Miami Heat,Phoenix Suns,H
San Antonio Spurs,New Orleans Pelicans,V
Boston Celtics,New York Knicks,H
Charlotte Hornets,Indiana Pacers,H
Cleveland Cavaliers,Washington Wizards,H
Brooklyn Nets,Denver Nuggets,V
Atlanta Hawks,Los Angeles Lakers,V
Memphis Grizzlies,Utah Jazz,H
Milwaukee Bucks,Minnesota Timberwolves,H
Phoenix Suns,Orlando Magic,V
Miami Heat,Philadelphia 76ers,V
Toronto Raptors,Portland Trail Blazers,H
Chicago Bulls,Houston Rockets,H
Cleveland Cavaliers,Boston Celtics,H
Atlanta Hawks,Los Angeles Clippers,V
Minnesota Timberwolves,Brooklyn Nets,H
Utah Jazz,New Orleans Pelicans,V
New York Knicks,Detroit Pistons,H
San Antonio Spurs,Sacramento Kings,H
Indiana Pacers,Washington Wizards,V
Denver Nuggets,Dallas Mavericks,H
Detroit Pistons,Portland Trail Blazers,H
Los Angeles Lakers,Golden State Warriors,H
Phoenix Suns,Memphis Grizzlies,V
Miami Heat,Philadelphia 76ers,H
Oklahoma City Thunder,Milwaukee Bucks,V
Houston Rockets,Toronto Raptors,V
Chicago Bulls,Milwaukee Bucks,H
Charlotte Hornets,Minnesota Timberwolves,H
Memphis Grizzlies,Cleveland Cavaliers,V
Los Angeles Clippers,Dallas Mavericks,V
Golden State Warriors,Orlando Magic,H
Indiana Pacers,San Antonio Spurs,H
New Orleans Pelicans,Sacramento Kings,H
Denver Nuggets,New York Knicks,H
Los Angeles Lakers,Orlando Magic,H
San Antonio Spurs,Minnesota Timberwolves,V
Portland Trail Blazers,Washington Wizards,H
Toronto Raptors,Brooklyn Nets,H
Atlanta Hawks,Utah Jazz,V
Boston Celtics,Memphis Grizzlies,H
Charlotte Hornets,New Orleans Pelicans,H
Detroit Pistons,Dallas Mavericks,V
Golden State Warriors,Utah Jazz,H
Milwaukee Bucks,Miami Heat,H
Oklahoma City Thunder,Los Angeles Clippers,H
Houston Rockets,Philadelphia 76ers,V
New York Knicks,Phoenix Suns,V
Cleveland Cavaliers,Sacramento Kings,V
Denver Nuggets,Phoenix Suns,H
Cleveland Cavaliers,Los Angeles Lakers,V
San Antonio Spurs,Chicago Bulls,H
Toronto Raptors,Atlanta Hawks,H
Houston Rockets,Boston Celtics,V
Miami Heat,Chicago Bulls,V
Charlotte Hornets,Detroit Pistons,H
Golden State Warriors,Portland Trail Blazers,H
Los Angeles Clippers,New York Knicks,H
Memphis Grizzlies,New Orleans Pelicans,H
Minnesota Timberwolves,Oklahoma City Thunder,V
Philadelphia 76ers,Brooklyn Nets,H
Orlando Magic,Sacramento Kings,V
Utah Jazz,Washington Wizards,H
Atlanta Hawks,Memphis Grizzlies,H
Charlotte Hornets,Houston Rockets,H
Indiana Pacers,Dallas Mavericks,V
Denver Nuggets,Washington Wizards,H
Golden State Warriors,Phoenix Suns,H
Milwaukee Bucks,New Orleans Pelicans,H
Detroit Pistons,Philadelphia 76ers,V
Portland Trail Blazers,Orlando Magic,H
San Antonio Spurs,Oklahoma City Thunder,H
Toronto Raptors,Miami Heat,H
Atlanta Hawks,Indiana Pacers,H
Milwaukee Bucks,Brooklyn Nets,V
Cleveland Cavaliers,Los Angeles Clippers,V
New York Knicks,Los Angeles Lakers,V
Utah Jazz,Sacramento Kings,V
Dallas Mavericks,Charlotte Hornets,V
Golden State Warriors,New Orleans Pelicans,H
Houston Rockets,Memphis Grizzlies,H
Miami Heat,Denver Nuggets,H
Oklahoma City Thunder,Portland Trail Blazers,H
Phoenix Suns,Minnesota Timberwolves,H
Chicago Bulls,Toronto Raptors,V
Utah Jazz,Cleveland Cavaliers,H
Washington Wizards,Detroit Pistons,H
Brooklyn Nets,Philadelphia 76ers,H
Indiana Pacers,Boston Celtics,H
Sacramento Kings,Los Angeles Lakers,V
Toronto Raptors,Milwaukee Bucks,V
Orlando Magic,Denver Nuggets,H
San Antonio Spurs,Los Angeles Clippers,H
Oklahoma City Thunder,Boston Celtics,V
Charlotte Hornets,Orlando Magic,H
Cleveland Cavaliers,Dallas Mavericks,H
Atlanta Hawks,Detroit Pistons,V
Golden State Warriors,New York Knicks,H
Los Angeles Clippers,Houston Rockets,V
Minnesota Timberwolves,Memphis Grizzlies,V
New Orleans Pelicans,Sacramento Kings,V
Washington Wizards,Chicago Bulls,H
Atlanta Hawks,Denver Nuggets,H
Chicago Bulls,Brooklyn Nets,H
Toronto Raptors,Indiana Pacers,V
Charlotte Hornets,Miami Heat,V
Milwaukee Bucks,Memphis Grizzlies,H
Washington Wizards,Philadelphia 76ers,V
San Antonio Spurs,Portland Trail Blazers,H
Utah Jazz,Phoenix Suns,H
Golden State Warriors,Dallas Mavericks,V
Detroit Pistons,Sacramento Kings,H
Houston Rockets,Minnesota Timberwolves,H
Phoenix Suns,Los Angeles Lakers,V
Portland Trail Blazers,New Orleans Pelicans,V
Cleveland Cavaliers,Orlando Magic,V
Oklahoma City Thunder,Philadelphia 76ers,V
Toronto Raptors,Boston Celtics,H
Atlanta Hawks,Houston Rockets,H
Chicago Bulls,Utah Jazz,H
Denver Nuggets,Charlotte Hornets,V
Detroit Pistons,Brooklyn Nets,H
Oklahoma City Thunder,Indiana Pacers,V
Memphis Grizzlies,Los Angeles Clippers,H
Miami Heat,Cleveland Cavaliers,H
San Antonio Spurs,Golden State Warriors,H
Washington Wizards,New York Knicks,H
Dallas Mavericks,Portland Trail Blazers,H
Utah Jazz,Milwaukee Bucks,V
New Orleans Pelicans,Los Angeles Clippers,H
Sacramento Kings,New York Knicks,V
Boston Celtics,Philadelphia 76ers,V
Toronto Raptors,Orlando Magic,H
Washington Wizards,Atlanta Hawks,V
Boston Celtics,Orlando Magic,H
Chicago Bulls,Sacramento Kings,H
Charlotte Hornets,San Antonio Spurs,H
Cleveland Cavaliers,Denver Nuggets,H
Detroit Pistons,Milwaukee Bucks,H
Indiana Pacers,Philadelphia 76ers,H
Golden State Warriors,Minnesota Timberwolves,V
Memphis Grizzlies,Phoenix Suns,V
Charlotte Hornets,Brooklyn Nets,V
Los Angeles Lakers,Memphis Grizzlies,H
Miami Heat,New Orleans Pelicans,V
Oklahoma City Thunder,Houston Rockets,H
Boston Celtics,Toronto Raptors,H
New York Knicks,Chicago Bulls,V
Cleveland Cavaliers,Milwaukee Bucks,H
Denver Nuggets,Philadelphia 76ers,H
Detroit Pistons,Orlando Magic,H
Golden State Warriors,Los Angeles Clippers,H
Utah Jazz,Houston Rockets,V
Minnesota Timberwolves,Sacramento Kings,H
Phoenix Suns,Los Angeles Lakers,H
Portland Trail Blazers,Dallas Mavericks,H
San Antonio Spurs,Miami Heat,H
Atlanta Hawks,Washington Wizards,V
Brooklyn Nets,Cleveland Cavaliers,H
Indiana Pacers,New Orleans Pelicans,H
Los Angeles Clippers,Portland Trail Blazers,H
New York Knicks,Chicago Bulls,H
Oklahoma City Thunder,Utah Jazz,H
Atlanta Hawks,Milwaukee Bucks,H
Detroit Pistons,Charlotte Hornets,H
Golden State Warriors,Dallas Mavericks,H
Houston Rockets,Toronto Raptors,H
Denver Nuggets,Los Angeles Lakers,V
Miami Heat,Orlando Magic,H
Sacramento Kings,Phoenix Suns,H
San Antonio Spurs,Memphis Grizzlies,H
Minnesota Timberwolves,Washington Wizards,V
Brooklyn Nets,Indiana Pacers,H
Atlanta Hawks,Detroit Pistons,V
Charlotte Hornets,Milwaukee Bucks,V
Utah Jazz,Minnesota Timberwolves,V
Toronto Raptors,New Orleans Pelicans,V
Cleveland Cavaliers,New York Knicks,V
Oklahoma City Thunder,San Antonio Spurs,H
Orlando Magic,Chicago Bulls,H
Boston Celtics,Phoenix Suns,V
Portland Trail Blazers,Philadelphia 76ers,H
Golden State Warriors,Philadelphia 76ers,H
Indiana Pacers,Houston Rockets,H
Los Angeles Clippers,Denver Nuggets,H
Washington Wizards,Los Angeles Lakers,V
Sacramento Kings,Dallas Mavericks,H
Atlanta Hawks,Chicago Bulls,V
Dallas Mavericks,Denver Nuggets,V
Los Angeles Clippers,Boston Celtics,H
San Antonio Spurs,Memphis Grizzlies,V
Miami Heat,Brooklyn Nets,H
Minnesota Timberwolves,Phoenix Suns,H
New Orleans Pelicans,New York Knicks,H
Portland Trail Blazers,Sacramento Kings,H
Oklahoma City Thunder,Toronto Raptors,V
Utah Jazz,Los Angeles Lakers,H
Houston Rockets,Cleveland Cavaliers,V
Detroit Pistons,Oklahoma City Thunder,H
Golden State Warriors,Washington Wizards,H
Chicago Bulls,Indiana Pacers,V
Orlando Magic,Brooklyn Nets,H
Charlotte Hornets,Philadelphia 76ers,V
Dallas Mavericks,New York Knicks,H
Los Angeles Lakers,Miami Heat,H
Denver Nuggets,Memphis Grizzlies,V
Milwaukee Bucks,Phoenix Suns,H
Los Angeles Clippers,Minnesota Timberwolves,V
Sacramento Kings,Washington Wizards,H
San Antonio Spurs,New Orleans Pelicans,H
Toronto Raptors,Atlanta Hawks,H
Golden State Warriors,Utah Jazz,V
Cleveland Cavaliers,Brooklyn Nets,H
Chicago Bulls,Houston Rockets,V
Orlando Magic,Indiana Pacers,V
New Orleans Pelicans,Denver Nuggets,H
Oklahoma City Thunder,Los Angeles Clippers,H
Portland Trail Blazers,Boston Celtics,H
Cleveland Cavaliers,Atlanta Hawks,V
Charlotte Hornets,Philadelphia 76ers,H
Dallas Mavericks,Detroit Pistons,V
Boston Celtics,Golden State Warriors,V
Toronto Raptors,Memphis Grizzlies,V
Milwaukee Bucks,Orlando Magic,H
New York Knicks,Brooklyn Nets,H
Washington Wizards,Phoenix Suns,V
Miami Heat,Sacramento Kings,V
Utah Jazz,Minnesota Timberwolves,H
Detroit Pistons,Chicago Bulls,V
Sacramento Kings,Denver Nuggets,V
Indiana Pacers,Philadelphia 76ers,V
Portland Trail Blazers,Miami Heat,H
San Antonio Spurs,Toronto Raptors,H
New Orleans Pelicans,Brooklyn Nets,V
Cleveland Cavaliers,Charlotte Hornets,H
Golden State Warriors,Portland Trail Blazers,H
Houston Rockets,Oklahoma City Thunder,H
Los Angeles Clippers,Washington Wizards,H
Boston Celtics,Los Angeles Lakers,V
Chicago Bulls,Milwaukee Bucks,V
Dallas Mavericks,Minnesota Timberwolves,V
Indiana Pacers,New York Knicks,V
Orlando Magic,Memphis Grizzlies,H
Utah Jazz,Phoenix Suns,V
Atlanta Hawks,Phoenix Suns,H
Oklahoma City Thunder,Denver Nuggets,V
Minnesota Timberwolves,Golden State Warriors,V
Los Angeles Clippers,Los Angeles Lakers,H
Memphis Grizzlies,Chicago Bulls,H
Miami Heat,Detroit Pistons,H
Cleveland Cavaliers,Milwaukee Bucks,V
Philadelphia 76ers,New Orleans Pelicans,H
Portland Trail Blazers,Sacramento Kings,V
Toronto Raptors,Charlotte Hornets,H
San Antonio Spurs,Utah Jazz,V
Boston Celtics,New Orleans Pelicans,H
Dallas Mavericks,Houston Rockets,H
Indiana Pacers,Cleveland Cavaliers,H
Los Angeles Clippers,Los Angeles Lakers,V
Charlotte Hornets,New York Knicks,V
Detroit Pistons,Orlando Magic,V
Portland Trail Blazers,Oklahoma City Thunder,H
Washington Wizards,Brooklyn Nets,H
Atlanta Hawks,Toronto Raptors,H
Golden State Warriors,San Antonio Spurs,H
Phoenix Suns,Houston Rockets,V
Miami Heat,Chicago Bulls,H
Minnesota Timberwolves,Sacramento Kings,V
Boston Celtics,Milwaukee Bucks,H
Charlotte Hornets,Brooklyn Nets,H
Dallas Mavericks,Memphis Grizzlies,H
Denver Nuggets,San Antonio Spurs,H
Detroit Pistons,Washington Wizards,H
New Orleans Pelicans,Los Angeles Lakers,H
Orlando Magic,Miami Heat,H
New York Knicks,Philadelphia 76ers,V
Toronto Raptors,Indiana Pacers,H
Los Angeles Clippers,Utah Jazz,V
Atlanta Hawks,Boston Celtics,H
Chicago Bulls,Cleveland Cavaliers,H
Golden State Warriors,Memphis Grizzlies,V
Phoenix Suns,New Orleans Pelicans,V
Minnesota Timberwolves,Portland Trail Blazers,V
Sacramento Kings,Oklahoma City Thunder,H
Utah Jazz,Denver Nuggets,V
Houston Rockets,Los Angeles Lakers,H
Indiana Pacers,Brooklyn Nets,H
Los Angeles Clippers,Dallas Mavericks,H
Miami Heat,Orlando Magic,H
Toronto Raptors,New York Knicks,V
Milwaukee Bucks,Philadelphia 76ers,V
Golden State Warriors,San Antonio Spurs,V
Washington Wizards,Charlotte Hornets,H
Charlotte Hornets,Boston Celtics,V
Washington Wizards,Brooklyn Nets,V
Cleveland Cavaliers,Atlanta Hawks,H
Houston Rockets,Minnesota Timberwolves,V
Chicago Bulls,New Orleans Pelicans,V
Oklahoma City Thunder,Los Angeles Lakers,H
Orlando Magic,Milwaukee Bucks,H
Sacramento Kings,Phoenix Suns,V
Dallas Mavericks,Utah Jazz,V
Miami Heat,Detroit Pistons,V
Indiana Pacers,New York Knicks,H
Los Angeles Clippers,Memphis Grizzlies,H
San Antonio Spurs,Oklahoma City Thunder,H
Toronto Raptors,Philadelphia 76ers,H
Boston Celtics,Miami Heat,H
Toronto Raptors,Brooklyn Nets,V
Chicago Bulls,Philadelphia 76ers,H
Charlotte Hornets,Orlando Magic,H
Detroit Pistons,Cleveland Cavaliers,V
San Antonio Spurs,Dallas Mavericks,V
Golden State Warriors,Memphis Grizzlies,H
Houston Rockets,Sacramento Kings,H
Los Angeles Lakers,Utah Jazz,H
Indiana Pacers,Milwaukee Bucks,V
Minnesota Timberwolves,New Orleans Pelicans,H
Phoenix Suns,Los Angeles Clippers,H
Portland Trail Blazers,Denver Nuggets,H
Washington Wizards,Atlanta Hawks,H
Atlanta Hawks,Boston Celtics,H
Golden State Warriors,Houston Rockets,H
Oklahoma City Thunder,Dallas Mavericks,H
Indiana Pacers,Toronto Raptors,V
Cleveland Cavaliers,Detroit Pistons,H
Los Angeles Clippers,Portland Trail Blazers,H
Miami Heat,Charlotte Hornets,H
San Antonio Spurs,Memphis Grizzlies,H
Golden State Warriors,Houston Rockets,H
Dallas Mavericks,Oklahoma City Thunder,V
Toronto Raptors,Indiana Pacers,H
Atlanta Hawks,Boston Celtics,H
San Antonio Spurs,Memphis Grizzlies,H
Cleveland Cavaliers,Detroit Pistons,H
Los Angeles Clippers,Portland Trail Blazers,H
Miami Heat,Charlotte Hornets,H
Oklahoma City Thunder,Dallas Mavericks,V
Houston Rockets,Golden State Warriors,H
Toronto Raptors,Indiana Pacers,V
Boston Celtics,Atlanta Hawks,H
Cleveland Cavaliers,Detroit Pistons,V
San Antonio Spurs,Memphis Grizzlies,V
Charlotte Hornets,Miami Heat,H
Oklahoma City Thunder,Dallas Mavericks,V
Indiana Pacers,Toronto Raptors,H
Portland Trail Blazers,Los Angeles Clippers,H
Boston Celtics,Atlanta Hawks,H
Cleveland Cavaliers,Detroit Pistons,V
Golden State Warriors,Houston Rockets,V
San Antonio Spurs,Memphis Grizzlies,V
Charlotte Hornets,Miami Heat,H
Oklahoma City Thunder,Dallas Mavericks,H
Portland Trail Blazers,Los Angeles Clippers,H
Atlanta Hawks,Boston Celtics,H
Toronto Raptors,Indiana Pacers,H
Golden State Warriors,Houston Rockets,H
Portland Trail Blazers,Los Angeles Clippers,V
Charlotte Hornets,Miami Heat,V
Atlanta Hawks,Boston Celtics,V
Miami Heat,Charlotte Hornets,V
Indiana Pacers,Toronto Raptors,H
Portland Trail Blazers,Los Angeles Clippers,H
San Antonio Spurs,Oklahoma City Thunder,H
Golden State Warriors,Portland Trail Blazers,H
Miami Heat,Charlotte Hornets,H
Toronto Raptors,Indiana Pacers,H
Cleveland Cavaliers,Atlanta Hawks,H
Oklahoma City Thunder,San Antonio Spurs,V
Golden State Warriors,Portland Trail Blazers,H
Miami Heat,Toronto Raptors,V
Cleveland Cavaliers,Atlanta Hawks,H
Toronto Raptors,Miami Heat,H
Cleveland Cavaliers,Atlanta Hawks,V
San Antonio Spurs,Oklahoma City Thunder,V
Toronto Raptors,Miami Heat,V
Portland Trail Blazers,Golden State Warriors,H
Cleveland Cavaliers,Atlanta Hawks,V
Oklahoma City Thunder,San Antonio Spurs,H
Miami Heat,Toronto Raptors,H
Golden State Warriors,Portland Trail Blazers,V
Oklahoma City Thunder,San Antonio Spurs,V
Golden State Warriors,Portland Trail Blazers,H
Toronto Raptors,Miami Heat,H
Oklahoma City Thunder,San Antonio Spurs,H
Miami Heat,Toronto Raptors,H
Toronto Raptors,Miami Heat,H
Oklahoma City Thunder,Golden State Warriors,V
Cleveland Cavaliers,Toronto Raptors,H
Golden State Warriors,Oklahoma City Thunder,H
Cleveland Cavaliers,Toronto Raptors,H
Toronto Raptors,Cleveland Cavaliers,H
Oklahoma City Thunder,Golden State Warriors,H
Toronto Raptors,Cleveland Cavaliers,H
Oklahoma City Thunder,Golden State Warriors,H
Cleveland Cavaliers,Toronto Raptors,H
Golden State Warriors,Oklahoma City Thunder,H
Cleveland Cavaliers,Toronto Raptors,V
Golden State Warriors,Oklahoma City Thunder,V
Golden State Warriors,Oklahoma City Thunder,H
Golden State Warriors,Cleveland Cavaliers,H
Golden State Warriors,Cleveland Cavaliers,H
Cleveland Cavaliers,Golden State Warriors,H
Golden State Warriors,Cleveland Cavaliers,V
Cleveland Cavaliers,Golden State Warriors,V
Cleveland Cavaliers,Golden State Warriors,H
Cleveland Cavaliers,Golden State Warriors,V
